city_id,city_name,market_tier,order_date,total_orders,delivered_orders,cancelled_orders,failed_orders,returned_orders,complaints,avg_delivery_mins,avg_estimated_sla_mins,total_revenue,avg_order_value,cancellation_rate,complaint_rate
1,Berlin,Tier-1,2025-08-18,89,29,18,16,26,8,35.65,30.00,2414.65,27.13,0.202,0.090
1,Berlin,Tier-1,2025-08-19,102,28,22,25,27,10,33.98,30.00,2973.99,29.16,0.216,0.098
1,Berlin,Tier-1,2025-08-20,95,24,25,24,22,9,34.22,30.00,2713.28,28.56,0.263,0.095
1,Berlin,Tier-1,2025-08-21,91,23,21,24,23,10,35.20,30.00,2688.37,29.54,0.231,0.110
1,Berlin,Tier-1,2025-08-22,102,27,26,32,17,10,33.99,30.00,2943.41,28.86,0.255,0.098
1,Berlin,Tier-1,2025-08-23,88,26,15,23,24,8,34.26,30.00,2390.62,27.17,0.170,0.091
1,Berlin,Tier-1,2025-08-24,101,27,21,25,28,8,35.16,30.00,2876.43,28.48,0.208,0.079
1,Berlin,Tier-1,2025-08-25,101,21,18,33,29,10,34.56,30.00,3022.15,29.92,0.178,0.099
1,Berlin,Tier-1,2025-08-26,104,30,24,22,28,6,34.91,30.00,2895.44,27.84,0.231,0.058
1,Berlin,Tier-1,2025-08-27,82,23,18,19,22,9,33.41,30.00,2398.8,29.25,0.220,0.110
1,Berlin,Tier-1,2025-08-28,99,26,22,26,25,11,34.48,30.00,2680.4,27.07,0.222,0.111
1,Berlin,Tier-1,2025-08-29,116,31,33,23,29,16,34.19,30.00,3277.54,28.25,0.284,0.138
1,Berlin,Tier-1,2025-08-30,115,28,33,32,22,10,34.53,30.00,3168.94,27.56,0.287,0.087
1,Berlin,Tier-1,2025-08-31,99,26,33,18,22,12,34.52,30.00,2878.37,29.07,0.333,0.121
1,Berlin,Tier-1,2025-09-01,93,25,16,26,26,5,34.83,30.00,2707.65,29.11,0.172,0.054
1,Berlin,Tier-1,2025-09-02,102,33,28,30,11,5,34.67,30.00,2895.72,28.39,0.275,0.049
1,Berlin,Tier-1,2025-09-03,86,20,26,21,19,7,34.45,30.00,2340.56,27.22,0.302,0.081
1,Berlin,Tier-1,2025-09-04,97,23,27,29,18,5,34.58,30.00,2858.84,29.47,0.278,0.052
1,Berlin,Tier-1,2025-09-05,102,17,30,29,26,6,35.21,30.00,2963.37,29.05,0.294,0.059
1,Berlin,Tier-1,2025-09-06,82,28,18,18,18,7,34.55,30.00,2321.41,28.31,0.220,0.085
1,Berlin,Tier-1,2025-09-07,79,25,17,14,23,12,34.85,30.00,2311.45,29.26,0.215,0.152
1,Berlin,Tier-1,2025-09-08,101,26,23,25,27,17,35.06,30.00,3090.6,30.6,0.228,0.168
1,Berlin,Tier-1,2025-09-09,102,28,24,29,21,6,34.18,30.00,2914.14,28.57,0.235,0.059
1,Berlin,Tier-1,2025-09-10,115,34,28,30,23,9,34.52,30.00,3168.68,27.55,0.243,0.078
1,Berlin,Tier-1,2025-09-11,93,23,26,24,20,13,34.73,30.00,2572.91,27.67,0.280,0.140
1,Berlin,Tier-1,2025-09-12,104,25,19,31,29,10,34.79,30.00,2938.28,28.25,0.183,0.096
1,Berlin,Tier-1,2025-09-13,84,25,26,15,18,9,34.93,30.00,2453.3,29.21,0.310,0.107
1,Berlin,Tier-1,2025-09-14,88,22,24,22,20,10,34.59,30.00,2372.11,26.96,0.273,0.114
1,Berlin,Tier-1,2025-09-15,98,36,21,20,21,11,33.97,30.00,2776.91,28.34,0.214,0.112
1,Berlin,Tier-1,2025-09-16,94,26,22,22,24,4,34.69,30.00,2580.39,27.45,0.234,0.043
1,Berlin,Tier-1,2025-09-17,90,32,20,18,20,11,34.46,30.00,2614.21,29.05,0.222,0.122
1,Berlin,Tier-1,2025-09-18,102,30,25,23,24,8,34.21,30.00,2886.75,28.3,0.245,0.078
1,Berlin,Tier-1,2025-09-19,98,19,26,28,25,7,34.82,30.00,2825.3,28.83,0.265,0.071
1,Berlin,Tier-1,2025-09-20,83,17,23,21,22,10,33.88,30.00,2317.08,27.92,0.277,0.120
1,Berlin,Tier-1,2025-09-21,93,18,35,21,19,5,33.61,30.00,2655.18,28.55,0.376,0.054
1,Berlin,Tier-1,2025-09-22,103,36,16,25,26,12,34.40,30.00,2836.58,27.54,0.155,0.117
1,Berlin,Tier-1,2025-09-23,97,17,20,30,30,11,35.03,30.00,2874.03,29.63,0.206,0.113
1,Berlin,Tier-1,2025-09-24,90,25,21,22,22,9,33.96,30.00,2608.21,28.98,0.233,0.100
1,Berlin,Tier-1,2025-09-25,86,24,20,19,23,7,34.02,30.00,2357.49,27.41,0.233,0.081
1,Berlin,Tier-1,2025-09-26,101,29,25,19,28,8,34.03,30.00,2990.86,29.61,0.248,0.079
1,Berlin,Tier-1,2025-09-27,83,22,22,17,22,7,34.75,30.00,2305.08,27.77,0.265,0.084
1,Berlin,Tier-1,2025-09-28,103,25,20,30,28,16,34.73,30.00,2859.45,27.76,0.194,0.155
1,Berlin,Tier-1,2025-09-29,99,23,30,23,23,9,35.34,30.00,2706.38,27.34,0.303,0.091
1,Berlin,Tier-1,2025-09-30,94,19,16,35,24,10,34.57,30.00,2647.49,28.16,0.170,0.106
1,Berlin,Tier-1,2025-10-01,106,15,27,31,33,13,34.09,30.00,2761.74,26.05,0.255,0.123
1,Berlin,Tier-1,2025-10-02,108,25,26,25,32,8,34.24,30.00,3022.8,27.99,0.241,0.074
1,Berlin,Tier-1,2025-10-03,89,25,14,25,25,13,34.60,30.00,2526.5,28.39,0.157,0.146
1,Berlin,Tier-1,2025-10-04,116,26,34,32,24,7,35.39,30.00,3213.9,27.71,0.293,0.060
1,Berlin,Tier-1,2025-10-05,95,28,31,16,20,5,35.07,30.00,2646.61,27.86,0.326,0.053
1,Berlin,Tier-1,2025-10-06,90,27,17,19,27,11,34.18,30.00,2540.43,28.23,0.189,0.122
1,Berlin,Tier-1,2025-10-07,78,17,22,20,19,7,34.06,30.00,2148.19,27.54,0.282,0.090
1,Berlin,Tier-1,2025-10-08,109,25,30,19,35,18,35.84,30.00,2892.9,26.54,0.275,0.165
1,Berlin,Tier-1,2025-10-09,92,24,22,25,21,8,34.29,30.00,2458.19,26.72,0.239,0.087
1,Berlin,Tier-1,2025-10-10,94,29,19,21,25,8,34.50,30.00,2445.08,26.01,0.202,0.085
1,Berlin,Tier-1,2025-10-11,95,17,22,29,27,7,33.72,30.00,2734.53,28.78,0.232,0.074
1,Berlin,Tier-1,2025-10-12,99,29,23,24,23,11,34.35,30.00,2723.94,27.51,0.232,0.111
1,Berlin,Tier-1,2025-10-13,105,26,29,27,23,12,33.31,30.00,2957.97,28.17,0.276,0.114
1,Berlin,Tier-1,2025-10-14,92,22,25,20,25,7,34.49,30.00,2637.3,28.67,0.272,0.076
1,Berlin,Tier-1,2025-10-15,93,14,27,22,30,15,35.20,30.00,2511.18,27,0.290,0.161
1,Berlin,Tier-1,2025-10-16,104,22,29,25,28,11,35.60,30.00,2913.57,28.02,0.279,0.106
1,Berlin,Tier-1,2025-10-17,101,27,22,29,23,12,34.07,30.00,2937.71,29.09,0.218,0.119
1,Berlin,Tier-1,2025-10-18,112,28,23,32,29,8,35.26,30.00,3130.52,27.95,0.205,0.071
1,Berlin,Tier-1,2025-10-19,104,21,28,25,30,11,33.71,30.00,2993.49,28.78,0.269,0.106
1,Berlin,Tier-1,2025-10-20,118,33,36,21,28,10,34.07,30.00,3169.6,26.86,0.305,0.085
1,Berlin,Tier-1,2025-10-21,98,28,27,19,24,14,34.85,30.00,2871.5,29.3,0.276,0.143
1,Berlin,Tier-1,2025-10-22,93,24,31,17,21,6,35.25,30.00,2814.64,30.26,0.333,0.065
1,Berlin,Tier-1,2025-10-23,93,30,25,17,21,10,34.31,30.00,2609.94,28.06,0.269,0.108
1,Berlin,Tier-1,2025-10-24,88,26,27,16,19,8,34.36,30.00,2390.93,27.17,0.307,0.091
1,Berlin,Tier-1,2025-10-25,98,24,21,35,18,15,34.36,30.00,2742.6,27.99,0.214,0.153
1,Berlin,Tier-1,2025-10-26,105,29,26,28,22,7,34.96,30.00,2831.07,26.96,0.248,0.067
1,Berlin,Tier-1,2025-10-27,105,27,24,24,30,13,34.18,30.00,2942.21,28.02,0.229,0.124
1,Berlin,Tier-1,2025-10-28,88,20,26,27,15,7,34.97,30.00,2398.5,27.26,0.295,0.080
1,Berlin,Tier-1,2025-10-29,103,35,25,21,22,10,34.71,30.00,2857.32,27.74,0.243,0.097
1,Berlin,Tier-1,2025-10-30,88,20,23,17,28,9,34.81,30.00,2597.72,29.52,0.261,0.102
1,Berlin,Tier-1,2025-10-31,85,21,20,20,24,9,33.86,30.00,2306.5,27.14,0.235,0.106
1,Berlin,Tier-1,2025-11-01,101,22,22,24,33,11,34.77,30.00,2633.49,26.07,0.218,0.109
1,Berlin,Tier-1,2025-11-02,106,22,25,29,30,10,34.54,30.00,2871,27.08,0.236,0.094
1,Berlin,Tier-1,2025-11-03,97,21,28,22,26,8,34.35,30.00,2640.15,27.22,0.289,0.082
1,Berlin,Tier-1,2025-11-04,90,19,29,21,21,9,34.49,30.00,2270.55,25.23,0.322,0.100
1,Berlin,Tier-1,2025-11-05,102,31,24,20,27,14,33.74,30.00,3019.7,29.6,0.235,0.137
1,Berlin,Tier-1,2025-11-06,71,20,15,17,19,9,33.30,30.00,1778.06,25.04,0.211,0.127
1,Berlin,Tier-1,2025-11-07,82,24,18,15,25,5,33.94,30.00,2169.39,26.46,0.220,0.061
1,Berlin,Tier-1,2025-11-08,100,30,20,28,22,9,34.02,30.00,2782.2,27.82,0.200,0.090
1,Berlin,Tier-1,2025-11-09,100,22,30,18,30,8,34.22,30.00,2972.21,29.72,0.300,0.080
1,Berlin,Tier-1,2025-11-10,88,23,24,21,20,10,34.82,30.00,2529.67,28.75,0.273,0.114
1,Berlin,Tier-1,2025-11-11,90,18,19,37,16,9,34.62,30.00,2643.54,29.37,0.211,0.100
1,Berlin,Tier-1,2025-11-12,104,20,37,24,23,13,35.63,30.00,3049.94,29.33,0.356,0.125
1,Berlin,Tier-1,2025-11-13,73,22,17,21,13,5,34.16,30.00,2013.9,27.59,0.233,0.068
1,Berlin,Tier-1,2025-11-14,84,20,26,16,22,10,34.23,30.00,2420.63,28.82,0.310,0.119
1,Berlin,Tier-1,2025-11-15,82,19,24,18,21,6,33.38,30.00,2213.77,27,0.293,0.073
2,Hamburg,Tier-1,NULL,0,0,0,0,0,0,30.00,30.00,0,0,NULL,NULL
3,Munich,Tier-1,NULL,0,0,0,0,0,0,28.00,28.00,0,0,NULL,NULL
4,Cologne,Tier-2,NULL,0,0,0,0,0,0,32.00,32.00,0,0,NULL,NULL
5,Frankfurt,Tier-2,2025-08-18,96,26,27,19,24,11,35.18,32.00,2712.65,28.26,0.281,0.115
5,Frankfurt,Tier-2,2025-08-19,97,24,26,20,27,9,35.90,32.00,2802.75,28.89,0.268,0.093
5,Frankfurt,Tier-2,2025-08-20,122,27,36,30,29,13,37.05,32.00,3454.25,28.31,0.295,0.107
5,Frankfurt,Tier-2,2025-08-21,91,21,17,27,26,10,36.09,32.00,2354.65,25.88,0.187,0.110
5,Frankfurt,Tier-2,2025-08-22,98,20,27,30,21,8,35.81,32.00,2692.65,27.48,0.276,0.082
5,Frankfurt,Tier-2,2025-08-23,109,36,23,28,22,13,35.61,32.00,3057.39,28.05,0.211,0.119
5,Frankfurt,Tier-2,2025-08-24,95,35,16,26,18,8,35.57,32.00,2584.58,27.21,0.168,0.084
5,Frankfurt,Tier-2,2025-08-25,100,21,27,20,32,9,36.72,32.00,2751.43,27.51,0.270,0.090
5,Frankfurt,Tier-2,2025-08-26,82,22,15,18,27,6,36.40,32.00,2426.23,29.59,0.183,0.073
5,Frankfurt,Tier-2,2025-08-27,97,20,22,25,30,9,36.47,32.00,2769.76,28.55,0.227,0.093
5,Frankfurt,Tier-2,2025-08-28,92,25,21,19,27,12,36.55,32.00,2667.54,29,0.228,0.130
5,Frankfurt,Tier-2,2025-08-29,100,25,23,31,21,15,36.47,32.00,2927.28,29.27,0.230,0.150
5,Frankfurt,Tier-2,2025-08-30,103,25,21,32,25,6,36.83,32.00,2855.79,27.73,0.204,0.058
5,Frankfurt,Tier-2,2025-08-31,84,21,20,21,22,9,36.38,32.00,2649.04,31.54,0.238,0.107
5,Frankfurt,Tier-2,2025-09-01,105,20,26,31,28,4,36.03,32.00,2994.2,28.52,0.248,0.038
5,Frankfurt,Tier-2,2025-09-02,103,26,28,26,23,12,37.09,32.00,2842.38,27.6,0.272,0.117
5,Frankfurt,Tier-2,2025-09-03,78,20,26,17,15,8,36.05,32.00,2068.59,26.52,0.333,0.103
5,Frankfurt,Tier-2,2025-09-04,90,19,26,28,17,10,36.48,32.00,2896.94,32.19,0.289,0.111
5,Frankfurt,Tier-2,2025-09-05,85,22,23,21,19,18,37.02,32.00,2252.94,26.51,0.271,0.212
5,Frankfurt,Tier-2,2025-09-06,87,24,23,19,21,7,35.71,32.00,2538.47,29.18,0.264,0.080
5,Frankfurt,Tier-2,2025-09-07,93,17,27,18,31,10,37.55,32.00,2763.12,29.71,0.290,0.108
5,Frankfurt,Tier-2,2025-09-08,91,18,17,26,30,15,37.05,32.00,2464.14,27.08,0.187,0.165
5,Frankfurt,Tier-2,2025-09-09,99,20,35,20,24,7,35.80,32.00,2807.71,28.36,0.354,0.071
5,Frankfurt,Tier-2,2025-09-10,87,19,22,22,24,8,36.44,32.00,2517.39,28.94,0.253,0.092
5,Frankfurt,Tier-2,2025-09-11,104,28,24,22,30,10,36.78,32.00,2974.61,28.6,0.231,0.096
5,Frankfurt,Tier-2,2025-09-12,120,38,24,25,33,12,35.74,32.00,3394.22,28.29,0.200,0.100
5,Frankfurt,Tier-2,2025-09-13,98,19,21,34,24,14,37.23,32.00,2862.82,29.21,0.214,0.143
5,Frankfurt,Tier-2,2025-09-14,80,23,19,24,14,10,37.40,32.00,2357.57,29.47,0.238,0.125
5,Frankfurt,Tier-2,2025-09-15,99,24,20,31,24,10,35.44,32.00,2807.23,28.36,0.202,0.101
5,Frankfurt,Tier-2,2025-09-16,84,23,13,17,31,15,37.04,32.00,2416.75,28.77,0.155,0.179
5,Frankfurt,Tier-2,2025-09-17,93,31,20,20,22,8,36.35,32.00,2519.48,27.09,0.215,0.086
5,Frankfurt,Tier-2,2025-09-18,102,26,31,21,24,14,37.25,32.00,2795.79,27.41,0.304,0.137
5,Frankfurt,Tier-2,2025-09-19,100,18,30,32,20,9,36.20,32.00,2771.54,27.72,0.300,0.090
5,Frankfurt,Tier-2,2025-09-20,109,31,33,19,26,12,36.70,32.00,3087.44,28.33,0.303,0.110
5,Frankfurt,Tier-2,2025-09-21,88,23,19,25,21,7,35.90,32.00,2393.98,27.2,0.216,0.080
5,Frankfurt,Tier-2,2025-09-22,92,21,22,26,23,9,35.45,32.00,2562.84,27.86,0.239,0.098
5,Frankfurt,Tier-2,2025-09-23,94,33,19,18,24,7,36.91,32.00,2659.57,28.29,0.202,0.074
5,Frankfurt,Tier-2,2025-09-24,105,34,18,22,31,6,37.01,32.00,2910.59,27.72,0.171,0.057
5,Frankfurt,Tier-2,2025-09-25,109,32,23,27,27,9,36.16,32.00,3086.79,28.32,0.211,0.083
5,Frankfurt,Tier-2,2025-09-26,100,28,20,24,28,13,36.19,32.00,2831.96,28.32,0.200,0.130
5,Frankfurt,Tier-2,2025-09-27,87,15,26,23,23,7,36.61,32.00,2280.62,26.21,0.299,0.080
5,Frankfurt,Tier-2,2025-09-28,87,24,24,21,18,9,36.47,32.00,2444.31,28.1,0.276,0.103
5,Frankfurt,Tier-2,2025-09-29,113,25,27,33,28,14,36.04,32.00,3108.8,27.51,0.239,0.124
5,Frankfurt,Tier-2,2025-09-30,93,24,18,27,24,8,36.34,32.00,2642.16,28.41,0.194,0.086
5,Frankfurt,Tier-2,2025-10-01,90,20,20,21,29,6,36.78,32.00,2328.92,25.88,0.222,0.067
5,Frankfurt,Tier-2,2025-10-02,92,24,24,18,26,11,35.92,32.00,2318.03,25.2,0.261,0.120
5,Frankfurt,Tier-2,2025-10-03,101,26,22,30,23,7,36.02,32.00,2847.49,28.19,0.218,0.069
5,Frankfurt,Tier-2,2025-10-04,107,26,25,29,27,5,36.34,32.00,3065.96,28.65,0.234,0.047
5,Frankfurt,Tier-2,2025-10-05,92,19,25,25,23,9,36.21,32.00,2687.66,29.21,0.272,0.098
5,Frankfurt,Tier-2,2025-10-06,100,29,22,21,28,9,36.22,32.00,2793.79,27.94,0.220,0.090
5,Frankfurt,Tier-2,2025-10-07,85,20,27,21,17,11,36.91,32.00,2354.07,27.69,0.318,0.129
5,Frankfurt,Tier-2,2025-10-08,91,27,27,18,19,6,35.95,32.00,2510.59,27.59,0.297,0.066
5,Frankfurt,Tier-2,2025-10-09,97,20,24,25,28,14,36.31,32.00,2809.32,28.96,0.247,0.144
5,Frankfurt,Tier-2,2025-10-10,108,25,20,40,23,11,36.90,32.00,3147.7,29.15,0.185,0.102
5,Frankfurt,Tier-2,2025-10-11,90,20,30,18,22,12,36.63,32.00,2528.5,28.09,0.333,0.133
5,Frankfurt,Tier-2,2025-10-12,94,30,20,26,18,3,35.45,32.00,2673.13,28.44,0.213,0.032
5,Frankfurt,Tier-2,2025-10-13,100,22,23,30,25,9,35.61,32.00,2917.52,29.18,0.230,0.090
5,Frankfurt,Tier-2,2025-10-14,77,15,24,18,20,12,37.64,32.00,2266.6,29.44,0.312,0.156
5,Frankfurt,Tier-2,2025-10-15,94,27,23,21,23,15,35.34,32.00,2629.05,27.97,0.245,0.160
5,Frankfurt,Tier-2,2025-10-16,96,20,24,23,29,9,37.91,32.00,2775.89,28.92,0.250,0.094
5,Frankfurt,Tier-2,2025-10-17,85,25,21,9,30,10,35.87,32.00,2264.26,26.64,0.247,0.118
5,Frankfurt,Tier-2,2025-10-18,94,26,26,17,25,11,36.93,32.00,2672.88,28.43,0.277,0.117
5,Frankfurt,Tier-2,2025-10-19,98,27,27,19,25,9,35.67,32.00,2804.64,28.62,0.276,0.092
5,Frankfurt,Tier-2,2025-10-20,97,22,20,30,25,11,36.85,32.00,2779.83,28.66,0.206,0.113
5,Frankfurt,Tier-2,2025-10-21,94,26,22,22,24,8,36.96,32.00,2601.54,27.68,0.234,0.085
5,Frankfurt,Tier-2,2025-10-22,103,22,16,36,29,14,35.86,32.00,2999.28,29.12,0.155,0.136
5,Frankfurt,Tier-2,2025-10-23,89,21,19,23,26,6,36.37,32.00,2459.65,27.64,0.213,0.067
5,Frankfurt,Tier-2,2025-10-24,88,14,23,23,28,7,37.07,32.00,2455.05,27.9,0.261,0.080
5,Frankfurt,Tier-2,2025-10-25,95,25,21,27,22,13,36.67,32.00,2787.64,29.34,0.221,0.137
5,Frankfurt,Tier-2,2025-10-26,102,27,24,22,29,11,35.50,32.00,2777.56,27.23,0.235,0.108
5,Frankfurt,Tier-2,2025-10-27,96,29,24,17,26,2,36.55,32.00,2614.92,27.24,0.250,0.021
5,Frankfurt,Tier-2,2025-10-28,97,22,25,30,20,8,36.16,32.00,2809.68,28.97,0.258,0.082
5,Frankfurt,Tier-2,2025-10-29,105,22,22,27,34,14,36.91,32.00,3023.24,28.79,0.210,0.133
5,Frankfurt,Tier-2,2025-10-30,103,20,25,25,33,9,36.52,32.00,3027.36,29.39,0.243,0.087
5,Frankfurt,Tier-2,2025-10-31,91,24,23,23,21,8,36.18,32.00,2623.38,28.83,0.253,0.088
5,Frankfurt,Tier-2,2025-11-01,85,20,22,17,26,8,37.40,32.00,2493.39,29.33,0.259,0.094
5,Frankfurt,Tier-2,2025-11-02,99,23,22,23,31,4,35.72,32.00,2732.34,27.6,0.222,0.040
5,Frankfurt,Tier-2,2025-11-03,79,19,16,26,18,7,35.65,32.00,2346.36,29.7,0.203,0.089
5,Frankfurt,Tier-2,2025-11-04,93,24,22,18,29,6,35.84,32.00,2495.25,26.83,0.237,0.065
5,Frankfurt,Tier-2,2025-11-05,95,24,25,27,19,13,35.67,32.00,2665.25,28.06,0.263,0.137
5,Frankfurt,Tier-2,2025-11-06,106,27,17,28,34,7,36.70,32.00,3090.82,29.16,0.160,0.066
5,Frankfurt,Tier-2,2025-11-07,92,24,22,28,18,9,36.18,32.00,2668.42,29,0.239,0.098
5,Frankfurt,Tier-2,2025-11-08,88,21,20,22,25,13,36.65,32.00,2417.74,27.47,0.227,0.148
5,Frankfurt,Tier-2,2025-11-09,95,28,27,22,18,5,36.51,32.00,2622.97,27.61,0.284,0.053
5,Frankfurt,Tier-2,2025-11-10,100,28,31,18,23,11,36.08,32.00,2969.31,29.69,0.310,0.110
5,Frankfurt,Tier-2,2025-11-11,113,29,23,32,29,9,35.54,32.00,3325.68,29.43,0.204,0.080
5,Frankfurt,Tier-2,2025-11-12,113,29,36,21,27,11,36.68,32.00,3125.41,27.66,0.319,0.097
5,Frankfurt,Tier-2,2025-11-13,106,29,30,10,37,12,35.42,32.00,2960.32,27.93,0.283,0.113
5,Frankfurt,Tier-2,2025-11-14,116,28,28,31,29,18,37.12,32.00,3478.61,29.99,0.241,0.155
5,Frankfurt,Tier-2,2025-11-15,98,13,22,30,33,7,36.37,32.00,2633.16,26.87,0.224,0.071
6,Stuttgart,Tier-2,2025-08-18,64,14,19,16,15,6,37.45,33.00,1914.3,29.91,0.297,0.094
6,Stuttgart,Tier-2,2025-08-19,44,9,8,11,16,6,37.30,33.00,1074.62,24.42,0.182,0.136
6,Stuttgart,Tier-2,2025-08-20,48,10,13,12,13,5,37.06,33.00,1267.98,26.42,0.271,0.104
6,Stuttgart,Tier-2,2025-08-21,60,17,15,13,15,1,36.88,33.00,1683.46,28.06,0.250,0.017
6,Stuttgart,Tier-2,2025-08-22,59,10,15,14,20,3,39.27,33.00,1626.71,27.57,0.254,0.051
6,Stuttgart,Tier-2,2025-08-23,51,14,15,9,13,7,37.49,33.00,1454.76,28.52,0.294,0.137
6,Stuttgart,Tier-2,2025-08-24,88,17,29,22,20,9,37.48,33.00,2517.09,28.6,0.330,0.102
6,Stuttgart,Tier-2,2025-08-25,65,16,18,15,16,5,37.78,33.00,1796.6,27.64,0.277,0.077
6,Stuttgart,Tier-2,2025-08-26,68,18,16,19,15,9,37.63,33.00,1990.27,29.27,0.235,0.132
6,Stuttgart,Tier-2,2025-08-27,66,18,14,13,21,8,39.29,33.00,1801.69,27.3,0.212,0.121
6,Stuttgart,Tier-2,2025-08-28,66,18,20,15,13,11,36.38,33.00,1856.81,28.13,0.303,0.167
6,Stuttgart,Tier-2,2025-08-29,60,16,16,14,14,7,37.90,33.00,1607.95,26.8,0.267,0.117
6,Stuttgart,Tier-2,2025-08-30,52,8,14,13,17,3,37.60,33.00,1483.98,28.54,0.269,0.058
6,Stuttgart,Tier-2,2025-08-31,55,11,14,20,10,6,37.33,33.00,1444.86,26.27,0.255,0.109
6,Stuttgart,Tier-2,2025-09-01,60,14,18,12,16,5,36.18,33.00,1613.09,26.88,0.300,0.083
6,Stuttgart,Tier-2,2025-09-02,58,14,16,12,16,7,38.36,33.00,1650.72,28.46,0.276,0.121
6,Stuttgart,Tier-2,2025-09-03,72,22,11,21,18,7,38.24,33.00,2100.63,29.18,0.153,0.097
6,Stuttgart,Tier-2,2025-09-04,63,17,18,15,13,4,38.49,33.00,1732.65,27.5,0.286,0.063
6,Stuttgart,Tier-2,2025-09-05,60,12,12,17,19,9,38.17,33.00,1727.95,28.8,0.200,0.150
6,Stuttgart,Tier-2,2025-09-06,61,15,13,14,19,7,38.52,33.00,1605.18,26.31,0.213,0.115
6,Stuttgart,Tier-2,2025-09-07,57,11,10,18,18,6,36.58,33.00,1622.63,28.47,0.175,0.105
6,Stuttgart,Tier-2,2025-09-08,43,10,14,6,13,3,38.74,33.00,1289.69,29.99,0.326,0.070
6,Stuttgart,Tier-2,2025-09-09,58,14,17,11,16,4,37.55,33.00,1519.4,26.2,0.293,0.069
6,Stuttgart,Tier-2,2025-09-10,58,18,13,12,15,13,37.93,33.00,1715.11,29.57,0.224,0.224
6,Stuttgart,Tier-2,2025-09-11,52,18,8,13,13,3,37.02,33.00,1344.6,25.86,0.154,0.058
6,Stuttgart,Tier-2,2025-09-12,77,17,11,19,30,5,37.83,33.00,2148.47,27.9,0.143,0.065
6,Stuttgart,Tier-2,2025-09-13,55,8,13,15,19,6,36.75,33.00,1343.61,24.43,0.236,0.109
6,Stuttgart,Tier-2,2025-09-14,60,14,19,12,15,6,37.25,33.00,1635.33,27.26,0.317,0.100
6,Stuttgart,Tier-2,2025-09-15,48,8,10,14,16,7,37.54,33.00,1297.29,27.03,0.208,0.146
6,Stuttgart,Tier-2,2025-09-16,50,17,8,10,15,6,38.52,33.00,1423.85,28.48,0.160,0.120
6,Stuttgart,Tier-2,2025-09-17,78,19,16,22,21,11,38.96,33.00,2255.17,28.91,0.205,0.141
6,Stuttgart,Tier-2,2025-09-18,58,11,17,13,17,7,37.22,33.00,1498.13,25.83,0.293,0.121
6,Stuttgart,Tier-2,2025-09-19,59,14,10,21,14,5,37.29,33.00,1469.45,24.91,0.169,0.085
6,Stuttgart,Tier-2,2025-09-20,67,18,17,20,12,4,39.03,33.00,1785.22,26.65,0.254,0.060
6,Stuttgart,Tier-2,2025-09-21,63,16,12,16,19,5,36.67,33.00,1722.97,27.35,0.190,0.079
6,Stuttgart,Tier-2,2025-09-22,63,19,11,17,16,2,37.22,33.00,1622.97,25.76,0.175,0.032
6,Stuttgart,Tier-2,2025-09-23,57,10,20,12,15,5,38.84,33.00,1481.24,25.99,0.351,0.088
6,Stuttgart,Tier-2,2025-09-24,76,20,20,15,21,6,37.49,33.00,2077.5,27.34,0.263,0.079
6,Stuttgart,Tier-2,2025-09-25,78,23,17,16,22,3,37.78,33.00,2346.82,30.09,0.218,0.038
6,Stuttgart,Tier-2,2025-09-26,60,16,13,15,16,7,37.07,33.00,1553.99,25.9,0.217,0.117
6,Stuttgart,Tier-2,2025-09-27,68,14,17,16,21,9,37.87,33.00,2115.24,31.11,0.250,0.132
6,Stuttgart,Tier-2,2025-09-28,48,11,14,8,15,4,36.10,33.00,1455.91,30.33,0.292,0.083
6,Stuttgart,Tier-2,2025-09-29,67,23,13,14,17,6,37.55,33.00,1743.92,26.03,0.194,0.090
6,Stuttgart,Tier-2,2025-09-30,70,22,15,13,20,5,37.40,33.00,1991.13,28.44,0.214,0.071
6,Stuttgart,Tier-2,2025-10-01,66,18,17,17,14,9,38.21,33.00,1907.47,28.9,0.258,0.136
6,Stuttgart,Tier-2,2025-10-02,69,22,15,16,16,5,37.46,33.00,1859.92,26.96,0.217,0.072
6,Stuttgart,Tier-2,2025-10-03,60,16,14,12,18,4,36.82,33.00,1661.1,27.69,0.233,0.067
6,Stuttgart,Tier-2,2025-10-04,55,16,9,10,20,4,37.11,33.00,1613.13,29.33,0.164,0.073
6,Stuttgart,Tier-2,2025-10-05,75,21,24,21,9,4,37.51,33.00,2188.56,29.18,0.320,0.053
6,Stuttgart,Tier-2,2025-10-06,71,23,14,20,14,9,37.42,33.00,2093.27,29.48,0.197,0.127
6,Stuttgart,Tier-2,2025-10-07,58,12,18,15,13,4,39.02,33.00,1508.35,26.01,0.310,0.069
6,Stuttgart,Tier-2,2025-10-08,79,19,17,20,23,2,37.77,33.00,2244.96,28.42,0.215,0.025
6,Stuttgart,Tier-2,2025-10-09,66,15,17,14,20,5,39.35,33.00,1737.08,26.32,0.258,0.076
6,Stuttgart,Tier-2,2025-10-10,79,19,26,16,18,7,37.11,33.00,2179.47,27.59,0.329,0.089
6,Stuttgart,Tier-2,2025-10-11,76,17,19,27,13,9,36.59,33.00,1952.98,25.7,0.250,0.118
6,Stuttgart,Tier-2,2025-10-12,52,16,11,11,14,2,38.35,33.00,1455.71,27.99,0.212,0.038
6,Stuttgart,Tier-2,2025-10-13,56,15,13,12,16,8,37.52,33.00,1521.29,27.17,0.232,0.143
6,Stuttgart,Tier-2,2025-10-14,70,14,22,19,15,6,37.34,33.00,1827.84,26.11,0.314,0.086
6,Stuttgart,Tier-2,2025-10-15,49,11,13,14,11,4,36.00,33.00,1386.47,28.3,0.265,0.082
6,Stuttgart,Tier-2,2025-10-16,72,16,23,13,20,11,37.18,33.00,2002.38,27.81,0.319,0.153
6,Stuttgart,Tier-2,2025-10-17,67,16,14,23,14,5,37.52,33.00,1929.01,28.79,0.209,0.075
6,Stuttgart,Tier-2,2025-10-18,57,16,18,16,7,7,36.23,33.00,1526.49,26.78,0.316,0.123
6,Stuttgart,Tier-2,2025-10-19,60,15,21,12,12,6,37.20,33.00,1639.45,27.32,0.350,0.100
6,Stuttgart,Tier-2,2025-10-20,62,11,20,16,15,6,38.02,33.00,1848.84,29.82,0.323,0.097
6,Stuttgart,Tier-2,2025-10-21,70,19,15,15,21,8,38.96,33.00,1944.74,27.78,0.214,0.114
6,Stuttgart,Tier-2,2025-10-22,60,16,11,16,17,5,37.95,33.00,1592.05,26.53,0.183,0.083
6,Stuttgart,Tier-2,2025-10-23,64,14,15,19,16,10,37.08,33.00,1856.9,29.01,0.234,0.156
6,Stuttgart,Tier-2,2025-10-24,57,15,12,22,8,6,38.96,33.00,1537.93,26.98,0.211,0.105
6,Stuttgart,Tier-2,2025-10-25,65,14,14,21,16,9,38.60,33.00,1847.51,28.42,0.215,0.138
6,Stuttgart,Tier-2,2025-10-26,70,17,18,14,21,8,39.73,33.00,2052.4,29.32,0.257,0.114
6,Stuttgart,Tier-2,2025-10-27,51,14,8,15,14,3,37.71,33.00,1319.52,25.87,0.157,0.059
6,Stuttgart,Tier-2,2025-10-28,53,17,17,10,9,4,36.68,33.00,1573.53,29.69,0.321,0.075
6,Stuttgart,Tier-2,2025-10-29,87,23,25,18,21,3,37.76,33.00,2489.24,28.61,0.287,0.034
6,Stuttgart,Tier-2,2025-10-30,52,11,11,15,15,6,38.73,33.00,1449.91,27.88,0.212,0.115
6,Stuttgart,Tier-2,2025-10-31,63,16,14,14,19,8,37.63,33.00,1773.79,28.16,0.222,0.127
6,Stuttgart,Tier-2,2025-11-01,60,16,15,14,15,7,37.63,33.00,1710.51,28.51,0.250,0.117
6,Stuttgart,Tier-2,2025-11-02,66,15,17,18,16,9,37.11,33.00,1805.53,27.36,0.258,0.136
6,Stuttgart,Tier-2,2025-11-03,62,16,10,17,19,6,38.05,33.00,1598.48,25.78,0.161,0.097
6,Stuttgart,Tier-2,2025-11-04,63,19,12,17,15,9,37.78,33.00,1644.02,26.1,0.190,0.143
6,Stuttgart,Tier-2,2025-11-05,58,14,16,15,13,5,36.52,33.00,1527,26.33,0.276,0.086
6,Stuttgart,Tier-2,2025-11-06,63,16,21,9,17,5,36.37,33.00,1688.04,26.79,0.333,0.079
6,Stuttgart,Tier-2,2025-11-07,64,17,12,17,18,6,37.94,33.00,1670.39,26.1,0.188,0.094
6,Stuttgart,Tier-2,2025-11-08,75,22,19,16,18,11,38.35,33.00,2147.17,28.63,0.253,0.147
6,Stuttgart,Tier-2,2025-11-09,50,11,14,10,15,4,37.22,33.00,1269.17,25.38,0.280,0.080
6,Stuttgart,Tier-2,2025-11-10,68,17,14,23,14,8,38.09,33.00,1851.64,27.23,0.206,0.118
6,Stuttgart,Tier-2,2025-11-11,40,10,13,9,8,4,36.33,33.00,1208.44,30.21,0.325,0.100
6,Stuttgart,Tier-2,2025-11-12,56,18,11,14,13,7,38.55,33.00,1667.65,29.78,0.196,0.125
6,Stuttgart,Tier-2,2025-11-13,58,15,11,11,21,6,36.71,33.00,1536.82,26.5,0.190,0.103
6,Stuttgart,Tier-2,2025-11-14,72,14,15,21,22,6,36.13,33.00,1901.3,26.41,0.208,0.083
6,Stuttgart,Tier-2,2025-11-15,56,17,9,14,16,3,37.96,33.00,1585.87,28.32,0.161,0.054
7,Dusseldorf,Tier-2,2025-08-18,46,11,9,11,15,6,38.93,34.00,1368.68,29.75,0.196,0.130
7,Dusseldorf,Tier-2,2025-08-19,43,9,17,9,8,5,37.93,34.00,1209.27,28.12,0.395,0.116
7,Dusseldorf,Tier-2,2025-08-20,40,11,10,7,12,2,39.35,34.00,1101.03,27.53,0.250,0.050
7,Dusseldorf,Tier-2,2025-08-21,37,14,6,7,10,3,38.32,34.00,953.47,25.77,0.162,0.081
7,Dusseldorf,Tier-2,2025-08-22,56,14,18,9,15,3,38.04,34.00,1502.36,26.83,0.321,0.054
7,Dusseldorf,Tier-2,2025-08-23,34,9,5,12,8,2,39.79,34.00,1013.42,29.81,0.147,0.059
7,Dusseldorf,Tier-2,2025-08-24,50,14,18,12,6,2,39.26,34.00,1462.45,29.25,0.360,0.040
7,Dusseldorf,Tier-2,2025-08-25,42,15,8,12,7,8,37.88,34.00,1055.22,25.12,0.190,0.190
7,Dusseldorf,Tier-2,2025-08-26,49,11,14,16,8,6,38.22,34.00,1315.61,26.85,0.286,0.122
7,Dusseldorf,Tier-2,2025-08-27,41,12,6,8,15,3,38.76,34.00,1365.95,33.32,0.146,0.073
7,Dusseldorf,Tier-2,2025-08-28,47,9,15,4,19,2,38.81,34.00,1229.82,26.17,0.319,0.043
7,Dusseldorf,Tier-2,2025-08-29,53,13,15,9,16,1,39.40,34.00,1535.72,28.98,0.283,0.019
7,Dusseldorf,Tier-2,2025-08-30,58,11,19,15,13,7,39.12,34.00,1594.9,27.5,0.328,0.121
7,Dusseldorf,Tier-2,2025-08-31,35,5,10,8,12,3,37.49,34.00,1028.2,29.38,0.286,0.086
7,Dusseldorf,Tier-2,2025-09-01,41,5,8,10,18,5,37.68,34.00,1097.56,26.77,0.195,0.122
7,Dusseldorf,Tier-2,2025-09-02,45,8,12,12,13,5,39.42,34.00,1413.96,31.42,0.267,0.111
7,Dusseldorf,Tier-2,2025-09-03,47,10,11,14,12,7,38.74,34.00,1277.82,27.19,0.234,0.149
7,Dusseldorf,Tier-2,2025-09-04,40,11,7,10,12,4,37.75,34.00,1103.9,27.6,0.175,0.100
7,Dusseldorf,Tier-2,2025-09-05,31,8,8,8,7,3,38.06,34.00,955.06,30.81,0.258,0.097
7,Dusseldorf,Tier-2,2025-09-06,49,16,9,12,12,6,37.41,34.00,1454.55,29.68,0.184,0.122
7,Dusseldorf,Tier-2,2025-09-07,42,9,8,9,16,6,38.88,34.00,1234.57,29.39,0.190,0.143
7,Dusseldorf,Tier-2,2025-09-08,52,8,19,16,9,6,38.83,34.00,1466.13,28.19,0.365,0.115
7,Dusseldorf,Tier-2,2025-09-09,38,11,10,10,7,4,38.32,34.00,869.89,22.89,0.263,0.105
7,Dusseldorf,Tier-2,2025-09-10,43,8,11,12,12,4,37.58,34.00,1210.56,28.15,0.256,0.093
7,Dusseldorf,Tier-2,2025-09-11,40,8,5,17,10,6,38.55,34.00,1133.36,28.33,0.125,0.150
7,Dusseldorf,Tier-2,2025-09-12,39,7,13,10,9,4,38.82,34.00,1139.17,29.21,0.333,0.103
7,Dusseldorf,Tier-2,2025-09-13,38,8,8,12,10,6,39.13,34.00,1031.3,27.14,0.211,0.158
7,Dusseldorf,Tier-2,2025-09-14,43,15,7,14,7,6,37.95,34.00,1040.03,24.19,0.163,0.140
7,Dusseldorf,Tier-2,2025-09-15,43,11,8,11,13,6,40.05,34.00,1200.54,27.92,0.186,0.140
7,Dusseldorf,Tier-2,2025-09-16,53,17,14,12,10,8,39.91,34.00,1440.78,27.18,0.264,0.151
7,Dusseldorf,Tier-2,2025-09-17,48,11,18,9,10,5,39.19,34.00,1334.76,27.81,0.375,0.104
7,Dusseldorf,Tier-2,2025-09-18,36,12,13,5,6,2,39.67,34.00,1088.61,30.24,0.361,0.056
7,Dusseldorf,Tier-2,2025-09-19,42,6,8,13,15,4,39.12,34.00,1181.42,28.13,0.190,0.095
7,Dusseldorf,Tier-2,2025-09-20,50,14,16,12,8,3,38.34,34.00,1268.74,25.37,0.320,0.060
7,Dusseldorf,Tier-2,2025-09-21,46,9,10,12,15,2,38.72,34.00,1366.55,29.71,0.217,0.043
7,Dusseldorf,Tier-2,2025-09-22,34,11,5,11,7,6,38.56,34.00,1006.24,29.6,0.147,0.176
7,Dusseldorf,Tier-2,2025-09-23,53,9,15,16,13,4,38.68,34.00,1578.5,29.78,0.283,0.075
7,Dusseldorf,Tier-2,2025-09-24,33,6,11,12,4,5,39.06,34.00,839.3,25.43,0.333,0.152
7,Dusseldorf,Tier-2,2025-09-25,37,17,9,6,5,7,37.84,34.00,865.85,23.4,0.243,0.189
7,Dusseldorf,Tier-2,2025-09-26,38,4,9,14,11,4,38.42,34.00,1249.23,32.87,0.237,0.105
7,Dusseldorf,Tier-2,2025-09-27,41,7,13,11,10,3,38.07,34.00,1148.47,28.01,0.317,0.073
7,Dusseldorf,Tier-2,2025-09-28,40,10,14,11,5,4,39.25,34.00,1146.33,28.66,0.350,0.100
7,Dusseldorf,Tier-2,2025-09-29,46,8,18,11,9,2,37.91,34.00,1231.97,26.78,0.391,0.043
7,Dusseldorf,Tier-2,2025-09-30,43,8,8,9,18,4,40.05,34.00,1126.1,26.19,0.186,0.093
7,Dusseldorf,Tier-2,2025-10-01,29,7,8,8,6,2,38.86,34.00,827.65,28.54,0.276,0.069
7,Dusseldorf,Tier-2,2025-10-02,48,16,10,9,13,5,38.77,34.00,1281.38,26.7,0.208,0.104
7,Dusseldorf,Tier-2,2025-10-03,43,10,6,13,14,5,40.28,34.00,1305.68,30.36,0.140,0.116
7,Dusseldorf,Tier-2,2025-10-04,44,7,12,14,11,12,38.20,34.00,1191.57,27.08,0.273,0.273
7,Dusseldorf,Tier-2,2025-10-05,47,9,11,16,11,6,38.87,34.00,1322.23,28.13,0.234,0.128
7,Dusseldorf,Tier-2,2025-10-06,44,12,12,7,13,6,38.18,34.00,1311.59,29.81,0.273,0.136
7,Dusseldorf,Tier-2,2025-10-07,52,14,12,11,15,5,37.37,34.00,1428.39,27.47,0.231,0.096
7,Dusseldorf,Tier-2,2025-10-08,35,15,5,6,9,4,38.60,34.00,1091.44,31.18,0.143,0.114
7,Dusseldorf,Tier-2,2025-10-09,31,7,3,12,9,3,39.61,34.00,832.63,26.86,0.097,0.097
7,Dusseldorf,Tier-2,2025-10-10,44,8,12,15,9,2,38.45,34.00,1362.36,30.96,0.273,0.045
7,Dusseldorf,Tier-2,2025-10-11,53,13,14,13,13,5,39.23,34.00,1538.05,29.02,0.264,0.094
7,Dusseldorf,Tier-2,2025-10-12,28,7,5,6,10,4,38.79,34.00,761.36,27.19,0.179,0.143
7,Dusseldorf,Tier-2,2025-10-13,42,7,13,12,10,8,38.67,34.00,1084.71,25.83,0.310,0.190
7,Dusseldorf,Tier-2,2025-10-14,54,16,12,12,14,7,38.89,34.00,1411.48,26.14,0.222,0.130
7,Dusseldorf,Tier-2,2025-10-15,41,6,13,8,14,3,36.90,34.00,1075.37,26.23,0.317,0.073
7,Dusseldorf,Tier-2,2025-10-16,43,10,8,12,13,4,37.51,34.00,1053.58,24.5,0.186,0.093
7,Dusseldorf,Tier-2,2025-10-17,52,10,9,19,14,8,39.65,34.00,1619.07,31.14,0.173,0.154
7,Dusseldorf,Tier-2,2025-10-18,47,11,5,17,14,4,39.15,34.00,1339.85,28.51,0.106,0.085
7,Dusseldorf,Tier-2,2025-10-19,37,10,9,11,7,1,37.24,34.00,1150.94,31.11,0.243,0.027
7,Dusseldorf,Tier-2,2025-10-20,53,12,18,11,12,7,38.30,34.00,1530.35,28.87,0.340,0.132
7,Dusseldorf,Tier-2,2025-10-21,53,14,5,14,20,5,39.81,34.00,1526.23,28.8,0.094,0.094
7,Dusseldorf,Tier-2,2025-10-22,50,17,10,12,11,3,39.28,34.00,1405.15,28.1,0.200,0.060
7,Dusseldorf,Tier-2,2025-10-23,42,10,9,9,14,7,39.31,34.00,975.36,23.22,0.214,0.167
7,Dusseldorf,Tier-2,2025-10-24,41,11,12,9,9,3,39.22,34.00,1158.89,28.27,0.293,0.073
7,Dusseldorf,Tier-2,2025-10-25,46,6,17,11,12,4,38.54,34.00,1385.09,30.11,0.370,0.087
7,Dusseldorf,Tier-2,2025-10-26,47,16,13,8,10,5,39.11,34.00,1462.6,31.12,0.277,0.106
7,Dusseldorf,Tier-2,2025-10-27,41,11,15,8,7,7,39.49,34.00,1043.65,25.45,0.366,0.171
7,Dusseldorf,Tier-2,2025-10-28,42,10,10,13,9,3,37.74,34.00,1173.38,27.94,0.238,0.071
7,Dusseldorf,Tier-2,2025-10-29,39,9,14,7,9,0,38.67,34.00,1072.91,27.51,0.359,0.000
7,Dusseldorf,Tier-2,2025-10-30,42,7,14,13,8,3,40.83,34.00,1237.59,29.47,0.333,0.071
7,Dusseldorf,Tier-2,2025-10-31,40,8,7,8,17,3,38.75,34.00,1016.82,25.42,0.175,0.075
7,Dusseldorf,Tier-2,2025-11-01,51,8,21,8,14,5,37.57,34.00,1465.45,28.73,0.412,0.098
7,Dusseldorf,Tier-2,2025-11-02,32,5,11,8,8,3,39.00,34.00,866.78,27.09,0.344,0.094
7,Dusseldorf,Tier-2,2025-11-03,38,10,9,13,6,8,37.45,34.00,1005.43,26.46,0.237,0.211
7,Dusseldorf,Tier-2,2025-11-04,49,11,8,17,13,2,38.98,34.00,1360.45,27.76,0.163,0.041
7,Dusseldorf,Tier-2,2025-11-05,36,6,9,15,6,2,38.22,34.00,981.93,27.28,0.250,0.056
7,Dusseldorf,Tier-2,2025-11-06,47,6,15,6,20,5,37.64,34.00,1308.64,27.84,0.319,0.106
7,Dusseldorf,Tier-2,2025-11-07,49,9,11,20,9,7,39.41,34.00,1418.68,28.95,0.224,0.143
7,Dusseldorf,Tier-2,2025-11-08,39,10,11,9,9,3,39.26,34.00,1190.69,30.53,0.282,0.077
7,Dusseldorf,Tier-2,2025-11-09,60,15,13,16,16,3,37.02,34.00,1633.03,27.22,0.217,0.050
7,Dusseldorf,Tier-2,2025-11-10,48,11,13,11,13,6,39.27,34.00,1446.55,30.14,0.271,0.125
7,Dusseldorf,Tier-2,2025-11-11,40,11,9,10,10,3,37.53,34.00,1122.51,28.06,0.225,0.075
7,Dusseldorf,Tier-2,2025-11-12,43,5,16,13,9,5,39.33,34.00,1137.97,26.46,0.372,0.116
7,Dusseldorf,Tier-2,2025-11-13,36,7,7,8,14,7,38.75,34.00,998.9,27.75,0.194,0.194
7,Dusseldorf,Tier-2,2025-11-14,37,13,7,8,9,3,38.19,34.00,1120.83,30.29,0.189,0.081
7,Dusseldorf,Tier-2,2025-11-15,43,11,7,11,14,5,38.30,34.00,1106,25.72,0.163,0.116
8,Dortmund,Tier-2,NULL,0,0,0,0,0,0,35.00,35.00,0,0,NULL,NULL
9,Essen,Tier-3,2025-08-18,137,35,27,43,32,16,39.98,35.00,3840.06,28.03,0.197,0.117
9,Essen,Tier-3,2025-08-19,139,32,39,33,35,11,39.72,35.00,3933.03,28.3,0.281,0.079
9,Essen,Tier-3,2025-08-20,156,44,38,39,35,22,39.24,35.00,4303.28,27.59,0.244,0.141
9,Essen,Tier-3,2025-08-21,171,36,44,50,41,13,39.64,35.00,4689.11,27.42,0.257,0.076
9,Essen,Tier-3,2025-08-22,168,33,36,57,42,10,39.08,35.00,4650.79,27.68,0.214,0.060
9,Essen,Tier-3,2025-08-23,153,36,41,41,35,16,39.78,35.00,4320.21,28.24,0.268,0.105
9,Essen,Tier-3,2025-08-24,168,40,47,42,39,13,39.20,35.00,4509.63,26.84,0.280,0.077
9,Essen,Tier-3,2025-08-25,161,45,41,38,37,15,39.62,35.00,4339.33,26.95,0.255,0.093
9,Essen,Tier-3,2025-08-26,147,45,33,28,41,7,39.07,35.00,4157.72,28.28,0.224,0.048
9,Essen,Tier-3,2025-08-27,170,49,52,30,39,20,38.81,35.00,4791.56,28.19,0.306,0.118
9,Essen,Tier-3,2025-08-28,172,46,38,54,34,23,38.84,35.00,4677,27.19,0.221,0.134
9,Essen,Tier-3,2025-08-29,150,36,30,46,38,13,39.17,35.00,4137.9,27.59,0.200,0.087
9,Essen,Tier-3,2025-08-30,155,39,42,27,47,19,39.28,35.00,4234.15,27.32,0.271,0.123
9,Essen,Tier-3,2025-08-31,197,52,53,49,43,20,39.22,35.00,5143.32,26.11,0.269,0.102
9,Essen,Tier-3,2025-09-01,148,40,29,39,40,8,39.14,35.00,4164.41,28.14,0.196,0.054
9,Essen,Tier-3,2025-09-02,154,49,32,41,32,19,39.99,35.00,4344.16,28.21,0.208,0.123
9,Essen,Tier-3,2025-09-03,133,33,37,32,31,16,39.12,35.00,3817.04,28.7,0.278,0.120
9,Essen,Tier-3,2025-09-04,174,37,50,48,39,18,39.83,35.00,5016.88,28.83,0.287,0.103
9,Essen,Tier-3,2025-09-05,135,35,27,38,35,7,37.98,35.00,4036.72,29.9,0.200,0.052
9,Essen,Tier-3,2025-09-06,162,39,46,32,45,12,38.99,35.00,4532,27.98,0.284,0.074
9,Essen,Tier-3,2025-09-07,178,42,41,51,44,17,39.82,35.00,4992.86,28.05,0.230,0.096
9,Essen,Tier-3,2025-09-08,159,43,36,43,37,13,39.52,35.00,4078.07,25.65,0.226,0.082
9,Essen,Tier-3,2025-09-09,155,35,40,38,42,12,39.51,35.00,4361.12,28.14,0.258,0.077
9,Essen,Tier-3,2025-09-10,163,41,44,38,40,18,39.03,35.00,4660.08,28.59,0.270,0.110
9,Essen,Tier-3,2025-09-11,167,37,45,42,43,20,39.08,35.00,4710.15,28.2,0.269,0.120
9,Essen,Tier-3,2025-09-12,181,31,51,44,55,21,39.80,35.00,4957.6,27.39,0.282,0.116
9,Essen,Tier-3,2025-09-13,177,44,42,47,44,18,39.34,35.00,5126.91,28.97,0.237,0.102
9,Essen,Tier-3,2025-09-14,161,44,37,38,42,22,40.07,35.00,4610.58,28.64,0.230,0.137
9,Essen,Tier-3,2025-09-15,141,42,33,30,36,11,40.13,35.00,3949.92,28.01,0.234,0.078
9,Essen,Tier-3,2025-09-16,158,33,48,37,40,14,38.91,35.00,4526.34,28.65,0.304,0.089
9,Essen,Tier-3,2025-09-17,168,35,43,41,49,22,38.55,35.00,4806.93,28.61,0.256,0.131
9,Essen,Tier-3,2025-09-18,175,41,39,37,58,20,39.82,35.00,5020.89,28.69,0.223,0.114
9,Essen,Tier-3,2025-09-19,133,31,29,31,42,17,40.20,35.00,3645.6,27.41,0.218,0.128
9,Essen,Tier-3,2025-09-20,190,49,41,52,48,14,39.08,35.00,5137.73,27.04,0.216,0.074
9,Essen,Tier-3,2025-09-21,175,45,52,46,32,24,38.87,35.00,4824.29,27.57,0.297,0.137
9,Essen,Tier-3,2025-09-22,156,41,35,43,37,20,39.97,35.00,4243.83,27.2,0.224,0.128
9,Essen,Tier-3,2025-09-23,158,33,44,51,30,18,39.88,35.00,4288.16,27.14,0.278,0.114
9,Essen,Tier-3,2025-09-24,175,50,38,41,46,15,39.21,35.00,5503.24,31.45,0.217,0.086
9,Essen,Tier-3,2025-09-25,132,27,36,38,31,14,39.71,35.00,3554.85,26.93,0.273,0.106
9,Essen,Tier-3,2025-09-26,171,43,46,42,40,17,38.84,35.00,4962.53,29.02,0.269,0.099
9,Essen,Tier-3,2025-09-27,171,44,39,42,46,29,38.57,35.00,4815.45,28.16,0.228,0.170
9,Essen,Tier-3,2025-09-28,178,47,37,47,47,16,39.01,35.00,4925.13,27.67,0.208,0.090
9,Essen,Tier-3,2025-09-29,157,35,54,28,40,17,39.98,35.00,4491.79,28.61,0.344,0.108
9,Essen,Tier-3,2025-09-30,139,34,40,29,36,16,39.04,35.00,4158.65,29.92,0.288,0.115
9,Essen,Tier-3,2025-10-01,160,34,49,44,33,17,40.58,35.00,4367.32,27.3,0.306,0.106
9,Essen,Tier-3,2025-10-02,168,46,47,40,35,18,39.65,35.00,4827.93,28.74,0.280,0.107
9,Essen,Tier-3,2025-10-03,160,39,45,43,33,16,39.46,35.00,4354.16,27.21,0.281,0.100
9,Essen,Tier-3,2025-10-04,177,49,40,43,45,15,39.86,35.00,4659.37,26.32,0.226,0.085
9,Essen,Tier-3,2025-10-05,168,31,35,55,47,14,39.35,35.00,4721.93,28.11,0.208,0.083
9,Essen,Tier-3,2025-10-06,172,39,50,48,35,19,39.31,35.00,4586.77,26.67,0.291,0.110
9,Essen,Tier-3,2025-10-07,152,35,41,42,34,16,39.10,35.00,4382.6,28.83,0.270,0.105
9,Essen,Tier-3,2025-10-08,153,41,41,38,33,7,39.37,35.00,4448.18,29.07,0.268,0.046
9,Essen,Tier-3,2025-10-09,183,44,37,49,53,13,39.51,35.00,4922.55,26.9,0.202,0.071
9,Essen,Tier-3,2025-10-10,155,29,40,35,51,17,40.25,35.00,4094.86,26.42,0.258,0.110
9,Essen,Tier-3,2025-10-11,168,33,54,31,50,15,39.58,35.00,4581.92,27.27,0.321,0.089
9,Essen,Tier-3,2025-10-12,157,38,42,36,41,15,39.60,35.00,4574.39,29.14,0.268,0.096
9,Essen,Tier-3,2025-10-13,169,37,44,45,43,21,39.27,35.00,4956.95,29.33,0.260,0.124
9,Essen,Tier-3,2025-10-14,158,37,37,41,43,17,38.94,35.00,4550.86,28.8,0.234,0.108
9,Essen,Tier-3,2025-10-15,177,48,41,47,41,11,39.42,35.00,5150.83,29.1,0.232,0.062
9,Essen,Tier-3,2025-10-16,142,35,42,41,24,12,39.88,35.00,3971.35,27.97,0.296,0.085
9,Essen,Tier-3,2025-10-17,166,36,43,39,48,16,38.49,35.00,4396.94,26.49,0.259,0.096
9,Essen,Tier-3,2025-10-18,163,36,41,49,37,18,38.67,35.00,4566.62,28.02,0.252,0.110
9,Essen,Tier-3,2025-10-19,167,44,33,43,47,24,38.95,35.00,4614.85,27.63,0.198,0.144
9,Essen,Tier-3,2025-10-20,181,43,47,45,46,18,39.31,35.00,5127.28,28.33,0.260,0.099
9,Essen,Tier-3,2025-10-21,147,36,41,40,30,16,39.32,35.00,4044.71,27.52,0.279,0.109
9,Essen,Tier-3,2025-10-22,150,40,40,37,33,17,39.15,35.00,4209.08,28.06,0.267,0.113
9,Essen,Tier-3,2025-10-23,157,27,47,45,38,20,39.23,35.00,4371,27.84,0.299,0.127
9,Essen,Tier-3,2025-10-24,170,53,39,40,38,13,39.62,35.00,4723.13,27.78,0.229,0.076
9,Essen,Tier-3,2025-10-25,183,43,50,38,52,18,39.04,35.00,5001.96,27.33,0.273,0.098
9,Essen,Tier-3,2025-10-26,165,49,46,34,36,23,38.67,35.00,4604.32,27.9,0.279,0.139
9,Essen,Tier-3,2025-10-27,137,37,37,30,33,13,38.89,35.00,3951.38,28.84,0.270,0.095
9,Essen,Tier-3,2025-10-28,164,31,42,44,47,25,39.95,35.00,4728.9,28.83,0.256,0.152
9,Essen,Tier-3,2025-10-29,156,36,41,39,40,18,39.93,35.00,4280.34,27.44,0.263,0.115
9,Essen,Tier-3,2025-10-30,123,26,34,34,29,9,39.02,35.00,3602.07,29.29,0.276,0.073
9,Essen,Tier-3,2025-10-31,152,40,32,46,34,16,38.38,35.00,4427.75,29.13,0.211,0.105
9,Essen,Tier-3,2025-11-01,173,57,34,30,52,20,38.86,35.00,4989.9,28.84,0.197,0.116
9,Essen,Tier-3,2025-11-02,178,48,44,51,35,10,39.85,35.00,5038.25,28.3,0.247,0.056
9,Essen,Tier-3,2025-11-03,153,37,38,36,42,11,39.37,35.00,4376.8,28.61,0.248,0.072
9,Essen,Tier-3,2025-11-04,148,33,37,32,46,11,38.93,35.00,4145.48,28.01,0.250,0.074
9,Essen,Tier-3,2025-11-05,143,37,33,41,32,15,40.03,35.00,4041.46,28.26,0.231,0.105
9,Essen,Tier-3,2025-11-06,165,50,45,29,41,10,39.36,35.00,4648.76,28.17,0.273,0.061
9,Essen,Tier-3,2025-11-07,163,48,36,41,38,18,40.61,35.00,4350.37,26.69,0.221,0.110
9,Essen,Tier-3,2025-11-08,160,51,38,34,37,12,39.42,35.00,4533.02,28.33,0.238,0.075
9,Essen,Tier-3,2025-11-09,151,32,43,40,36,15,39.16,35.00,4093.3,27.11,0.285,0.099
9,Essen,Tier-3,2025-11-10,170,40,35,53,42,21,39.12,35.00,4410.7,25.95,0.206,0.124
9,Essen,Tier-3,2025-11-11,175,45,53,39,38,17,39.62,35.00,4755.3,27.17,0.303,0.097
9,Essen,Tier-3,2025-11-12,161,35,45,35,46,21,38.81,35.00,4364.64,27.11,0.280,0.130
9,Essen,Tier-3,2025-11-13,158,38,43,38,39,24,39.10,35.00,4375.15,27.69,0.272,0.152
9,Essen,Tier-3,2025-11-14,170,43,43,35,49,16,39.62,35.00,4741.57,27.89,0.253,0.094
9,Essen,Tier-3,2025-11-15,162,30,46,39,47,19,39.43,35.00,4581.22,28.28,0.284,0.117
10,Leipzig,Tier-3,NULL,0,0,0,0,0,0,35.00,35.00,0,0,NULL,NULL
11,Bremen,Tier-3,NULL,0,0,0,0,0,0,35.00,35.00,0,0,NULL,NULL
12,Hannover,Tier-3,2025-08-18,151,42,33,38,38,11,39.74,35.00,4388.48,29.06,0.219,0.073
12,Hannover,Tier-3,2025-08-19,172,44,43,45,40,16,39.74,35.00,4822.78,28.04,0.250,0.093
12,Hannover,Tier-3,2025-08-20,173,50,35,43,45,16,39.70,35.00,4720.85,27.29,0.202,0.092
12,Hannover,Tier-3,2025-08-21,142,38,32,40,32,15,38.51,35.00,3959.06,27.88,0.225,0.106
12,Hannover,Tier-3,2025-08-22,171,40,37,47,47,14,38.46,35.00,4879,28.53,0.216,0.082
12,Hannover,Tier-3,2025-08-23,175,45,46,41,43,21,39.90,35.00,4812.73,27.5,0.263,0.120
12,Hannover,Tier-3,2025-08-24,154,35,51,38,30,19,39.16,35.00,4115.67,26.73,0.331,0.123
12,Hannover,Tier-3,2025-08-25,174,42,42,47,43,19,39.64,35.00,4765.99,27.39,0.241,0.109
12,Hannover,Tier-3,2025-08-26,165,47,35,39,44,16,40.24,35.00,4458.78,27.02,0.212,0.097
12,Hannover,Tier-3,2025-08-27,127,33,43,27,24,9,39.06,35.00,3672.36,28.92,0.339,0.071
12,Hannover,Tier-3,2025-08-28,158,36,45,34,43,17,39.40,35.00,4511.11,28.55,0.285,0.108
12,Hannover,Tier-3,2025-08-29,172,37,47,49,39,16,39.12,35.00,4855.39,28.23,0.273,0.093
12,Hannover,Tier-3,2025-08-30,154,43,34,41,36,13,39.75,35.00,3999.49,25.97,0.221,0.084
12,Hannover,Tier-3,2025-08-31,136,42,26,37,31,10,40.01,35.00,3751.32,27.58,0.191,0.074
12,Hannover,Tier-3,2025-09-01,165,30,45,53,37,24,39.07,35.00,4670.28,28.3,0.273,0.145
12,Hannover,Tier-3,2025-09-02,163,37,37,42,47,20,39.48,35.00,4484.14,27.51,0.227,0.123
12,Hannover,Tier-3,2025-09-03,154,50,20,41,43,20,39.26,35.00,4508.44,29.28,0.130,0.130
12,Hannover,Tier-3,2025-09-04,166,32,51,46,37,21,39.06,35.00,4659.77,28.07,0.307,0.127
12,Hannover,Tier-3,2025-09-05,163,34,39,46,44,14,39.89,35.00,4721.18,28.96,0.239,0.086
12,Hannover,Tier-3,2025-09-06,158,40,36,41,41,15,39.35,35.00,4378.15,27.71,0.228,0.095
12,Hannover,Tier-3,2025-09-07,187,32,57,49,49,23,39.66,35.00,5157.7,27.58,0.305,0.123
12,Hannover,Tier-3,2025-09-08,171,37,38,47,49,16,40.03,35.00,4907.51,28.7,0.222,0.094
12,Hannover,Tier-3,2025-09-09,165,33,37,55,40,22,39.51,35.00,4627.29,28.04,0.224,0.133
12,Hannover,Tier-3,2025-09-10,168,50,41,42,35,15,39.05,35.00,4914.78,29.25,0.244,0.089
12,Hannover,Tier-3,2025-09-11,153,35,36,44,38,14,40.79,35.00,4038.31,26.39,0.235,0.092
12,Hannover,Tier-3,2025-09-12,154,30,37,39,48,17,39.03,35.00,4047.84,26.28,0.240,0.110
12,Hannover,Tier-3,2025-09-13,154,42,37,37,38,24,39.28,35.00,4157.06,26.99,0.240,0.156
12,Hannover,Tier-3,2025-09-14,179,43,33,55,48,23,39.58,35.00,4970.41,27.77,0.184,0.128
12,Hannover,Tier-3,2025-09-15,154,38,36,39,41,18,39.29,35.00,4359.85,28.31,0.234,0.117
12,Hannover,Tier-3,2025-09-16,172,45,35,51,41,8,38.42,35.00,4830.03,28.08,0.203,0.047
12,Hannover,Tier-3,2025-09-17,188,61,48,41,38,21,39.77,35.00,5555.45,29.55,0.255,0.112
12,Hannover,Tier-3,2025-09-18,144,39,34,35,36,14,39.37,35.00,4231.26,29.38,0.236,0.097
12,Hannover,Tier-3,2025-09-19,186,39,52,43,52,13,39.37,35.00,5264.62,28.3,0.280,0.070
12,Hannover,Tier-3,2025-09-20,169,51,43,36,39,18,38.90,35.00,4440.01,26.27,0.254,0.107
12,Hannover,Tier-3,2025-09-21,161,37,44,47,33,21,39.51,35.00,4502.29,27.96,0.273,0.130
12,Hannover,Tier-3,2025-09-22,131,31,34,34,32,14,39.65,35.00,3583.65,27.36,0.260,0.107
12,Hannover,Tier-3,2025-09-23,150,40,30,41,39,12,39.01,35.00,4366.58,29.11,0.200,0.080
12,Hannover,Tier-3,2025-09-24,179,43,42,45,49,10,39.89,35.00,4936.19,27.58,0.235,0.056
12,Hannover,Tier-3,2025-09-25,163,29,38,49,47,9,40.03,35.00,4761.1,29.21,0.233,0.055
12,Hannover,Tier-3,2025-09-26,161,43,49,39,30,18,39.10,35.00,4500.91,27.96,0.304,0.112
12,Hannover,Tier-3,2025-09-27,174,51,44,44,35,13,40.42,35.00,4824.08,27.72,0.253,0.075
12,Hannover,Tier-3,2025-09-28,150,48,26,37,39,18,38.86,35.00,4310.55,28.74,0.173,0.120
12,Hannover,Tier-3,2025-09-29,146,38,39,40,29,20,39.71,35.00,4153.23,28.45,0.267,0.137
12,Hannover,Tier-3,2025-09-30,196,51,45,46,54,27,39.01,35.00,5701.79,29.09,0.230,0.138
12,Hannover,Tier-3,2025-10-01,195,49,50,49,47,22,38.87,35.00,5298.84,27.17,0.256,0.113
12,Hannover,Tier-3,2025-10-02,173,38,47,43,45,19,38.81,35.00,4889.09,28.26,0.272,0.110
12,Hannover,Tier-3,2025-10-03,155,32,31,44,48,22,38.79,35.00,4164.78,26.87,0.200,0.142
12,Hannover,Tier-3,2025-10-04,186,47,40,53,46,17,39.24,35.00,5356.85,28.8,0.215,0.091
12,Hannover,Tier-3,2025-10-05,161,40,42,41,38,11,39.52,35.00,4485.36,27.86,0.261,0.068
12,Hannover,Tier-3,2025-10-06,169,45,45,36,43,18,39.49,35.00,4721.6,27.94,0.266,0.107
12,Hannover,Tier-3,2025-10-07,144,33,47,34,30,6,39.41,35.00,3973.89,27.6,0.326,0.042
12,Hannover,Tier-3,2025-10-08,175,46,48,44,37,23,39.83,35.00,4782.01,27.33,0.274,0.131
12,Hannover,Tier-3,2025-10-09,161,48,22,41,50,21,39.35,35.00,4536.12,28.17,0.137,0.130
12,Hannover,Tier-3,2025-10-10,157,34,38,33,52,20,38.99,35.00,4362.8,27.79,0.242,0.127
12,Hannover,Tier-3,2025-10-11,182,43,41,45,53,14,39.26,35.00,4891.08,26.87,0.225,0.077
12,Hannover,Tier-3,2025-10-12,164,44,44,39,37,18,38.57,35.00,4604.57,28.08,0.268,0.110
12,Hannover,Tier-3,2025-10-13,163,48,38,41,36,20,39.38,35.00,4591.28,28.17,0.233,0.123
12,Hannover,Tier-3,2025-10-14,159,37,44,31,47,15,38.86,35.00,4426.23,27.84,0.277,0.094
12,Hannover,Tier-3,2025-10-15,154,46,30,48,30,14,39.99,35.00,4278.63,27.78,0.195,0.091
12,Hannover,Tier-3,2025-10-16,156,44,41,44,27,12,39.94,35.00,4450.46,28.53,0.263,0.077
12,Hannover,Tier-3,2025-10-17,175,32,48,46,49,9,39.47,35.00,4951,28.29,0.274,0.051
12,Hannover,Tier-3,2025-10-18,170,44,41,51,34,19,39.95,35.00,4664.74,27.44,0.241,0.112
12,Hannover,Tier-3,2025-10-19,158,42,33,40,43,20,39.94,35.00,4400.48,27.85,0.209,0.127
12,Hannover,Tier-3,2025-10-20,137,42,30,19,46,13,39.12,35.00,3849.42,28.1,0.219,0.095
12,Hannover,Tier-3,2025-10-21,170,31,48,49,42,12,40.17,35.00,4587.23,26.98,0.282,0.071
12,Hannover,Tier-3,2025-10-22,153,44,39,29,41,14,39.07,35.00,4661.44,30.47,0.255,0.092
12,Hannover,Tier-3,2025-10-23,177,40,52,34,51,19,39.67,35.00,5003.26,28.27,0.294,0.107
12,Hannover,Tier-3,2025-10-24,172,45,45,34,48,22,39.67,35.00,4976.41,28.93,0.262,0.128
12,Hannover,Tier-3,2025-10-25,191,42,43,51,55,21,38.79,35.00,5452,28.54,0.225,0.110
12,Hannover,Tier-3,2025-10-26,164,44,47,35,38,10,39.01,35.00,4452.03,27.15,0.287,0.061
12,Hannover,Tier-3,2025-10-27,151,22,47,35,47,12,39.28,35.00,4116.36,27.26,0.311,0.079
12,Hannover,Tier-3,2025-10-28,149,38,33,40,38,23,39.32,35.00,4301.75,28.87,0.221,0.154
12,Hannover,Tier-3,2025-10-29,150,34,37,37,42,17,39.45,35.00,4194.61,27.96,0.247,0.113
12,Hannover,Tier-3,2025-10-30,174,40,44,55,35,9,38.75,35.00,4731.91,27.19,0.253,0.052
12,Hannover,Tier-3,2025-10-31,193,63,35,43,52,18,39.39,35.00,5474.62,28.37,0.181,0.093
12,Hannover,Tier-3,2025-11-01,158,37,29,44,48,18,39.30,35.00,4266.15,27,0.184,0.114
12,Hannover,Tier-3,2025-11-02,159,35,42,43,39,14,40.19,35.00,4256.7,26.77,0.264,0.088
12,Hannover,Tier-3,2025-11-03,133,24,47,31,31,10,40.01,35.00,3767.7,28.33,0.353,0.075
12,Hannover,Tier-3,2025-11-04,149,34,38,39,38,12,39.76,35.00,4099.18,27.51,0.255,0.081
12,Hannover,Tier-3,2025-11-05,171,44,44,37,46,20,38.92,35.00,4812.65,28.14,0.257,0.117
12,Hannover,Tier-3,2025-11-06,182,39,37,59,47,13,39.49,35.00,5087.66,27.95,0.203,0.071
12,Hannover,Tier-3,2025-11-07,168,28,45,50,45,15,39.14,35.00,4753.4,28.29,0.268,0.089
12,Hannover,Tier-3,2025-11-08,163,43,40,37,43,25,39.74,35.00,4564.5,28,0.245,0.153
12,Hannover,Tier-3,2025-11-09,172,44,42,38,48,15,38.67,35.00,4860.37,28.26,0.244,0.087
12,Hannover,Tier-3,2025-11-10,166,35,39,44,48,16,39.64,35.00,4537.24,27.33,0.235,0.096
12,Hannover,Tier-3,2025-11-11,159,33,42,43,41,15,40.50,35.00,4565,28.71,0.264,0.094
12,Hannover,Tier-3,2025-11-12,155,33,35,48,39,14,39.66,35.00,4229.65,27.29,0.226,0.090
12,Hannover,Tier-3,2025-11-13,152,41,40,40,31,9,39.66,35.00,4256.72,28,0.263,0.059
12,Hannover,Tier-3,2025-11-14,162,47,36,39,40,19,38.86,35.00,4477.8,27.64,0.222,0.117
12,Hannover,Tier-3,2025-11-15,165,46,45,35,39,15,39.31,35.00,4771.59,28.92,0.273,0.091
