courier_id,city_id,city_name,vehicle_type,status,orders_handled,avg_delivery_time,avg_estimated_sla,avg_shift_earnings,total_earnings,avg_rating_given,avg_acceptance_rate,avg_completion_rate
COU_9_0908,9,Essen,car,inactive,42180,39.29,35.00,50.1,2113105.49,3.00,0.744,0.786
COU_9_0903,9,Essen,bike,active,38726,39.42,35.00,53.08,2055439.4,3.03,0.762,0.801
COU_9_0878,9,Essen,car,churned,30576,39.26,35.00,53.74,1643224.81,2.99,0.742,0.754
COU_1_0922,1,Berlin,car,churned,25920,34.26,30.00,51.78,1342202.39,2.96,0.8,0.766
COU_9_0985,9,Essen,scooter,active,21168,39.28,35.00,44.48,941587.93,3.01,0.711,0.779
COU_9_0995,9,Essen,car,churned,21168,39.34,35.00,52.6,1113413.29,3.01,0.75,0.732
COU_12_0996,12,Hannover,bicycle,churned,19656,39.20,35.00,51.44,1011059.27,3.03,0.753,0.72
COU_9_0987,9,Essen,scooter,inactive,17640,39.15,35.00,44.74,789248.88,3.05,0.777,0.752
COU_1_0871,1,Berlin,scooter,churned,17280,34.53,30.00,44.41,767350.8,3.07,0.738,0.793
COU_6_0879,6,Stuttgart,car,churned,16776,37.63,33.00,50.74,851158.33,2.96,0.817,0.794
COU_9_0838,9,Essen,bicycle,active,16464,39.52,35.00,63.41,1043911.68,3.05,0.736,0.722
COU_5_0907,5,Frankfurt,car,active,15300,36.12,32.00,56.34,862032.6,3.07,0.789,0.764
COU_9_0988,9,Essen,bicycle,churned,15288,39.85,35.00,48.18,736528.81,3.01,0.774,0.781
COU_12_0912,12,Hannover,bicycle,active,13608,39.55,35.00,57.47,782066.88,2.91,0.763,0.822
COU_9_0969,9,Essen,bicycle,active,12936,39.26,35.00,53.47,691664.4,2.96,0.76,0.817
COU_12_0817,12,Hannover,bike,active,12852,39.54,35.00,42.06,540509.76,3.01,0.705,0.774
COU_12_0909,12,Hannover,car,suspended,12096,39.40,35.00,59.87,724195.07,2.98,0.749,0.799
COU_12_0926,12,Hannover,bicycle,active,12096,39.65,35.00,44.54,538763.4,2.97,0.747,0.762
COU_12_0876,12,Hannover,bicycle,suspended,11340,39.10,35.00,52.56,596045.52,2.99,0.779,0.756
COU_12_0962,12,Hannover,car,inactive,11340,39.44,35.00,52.57,596143.8,2.92,0.76,0.774
COU_12_0995,12,Hannover,bicycle,inactive,11340,39.46,35.00,50.44,571982.04,3.04,0.735,0.782
COU_12_0807,12,Hannover,bike,suspended,10584,39.39,35.00,48.79,516393.37,2.95,0.745,0.77
COU_12_0880,12,Hannover,bicycle,inactive,10584,39.58,35.00,53.56,566863.92,2.96,0.685,0.782
COU_12_0918,12,Hannover,scooter,active,10584,39.54,35.00,51.26,542566.07,3.04,0.749,0.754
COU_12_0853,12,Hannover,car,suspended,9828,39.62,35.00,53.08,521624.88,3.08,0.784,0.77
COU_12_0913,12,Hannover,bike,active,9828,39.17,35.00,43.52,427676.76,3.03,0.752,0.809
COU_1_0840,1,Berlin,car,suspended,9720,34.86,30.00,57.71,560919.6,3.01,0.74,0.755
COU_5_0995,5,Frankfurt,bike,active,9180,36.54,32.00,48.78,447759.6,2.92,0.774,0.804
COU_12_0811,12,Hannover,bike,inactive,9072,39.31,35.00,43.71,396514.44,3.03,0.763,0.815
COU_12_0940,12,Hannover,bike,active,9072,39.67,35.00,56.31,510844.32,2.95,0.753,0.757
COU_12_0968,12,Hannover,bicycle,suspended,9072,39.42,35.00,42.53,385869.96,2.99,0.741,0.75
COU_12_0977,12,Hannover,car,active,9072,39.38,35.00,54.66,495845.29,3.06,0.713,0.741
COU_5_0926,5,Frankfurt,scooter,suspended,8670,36.36,32.00,52.15,452140.5,2.95,0.773,0.732
COU_5_0982,5,Frankfurt,bicycle,suspended,8670,36.21,32.00,56.23,487509,2.93,0.734,0.777
COU_5_0988,5,Frankfurt,bike,active,8670,36.46,32.00,48.48,420347.1,3.08,0.746,0.796
COU_1_0896,1,Berlin,scooter,churned,8640,34.75,30.00,54.02,466770.6,3.02,0.776,0.781
COU_5_0904,5,Frankfurt,car,active,8160,36.31,32.00,60.71,495408.9,3.01,0.706,0.742
COU_5_0961,5,Frankfurt,scooter,active,8160,36.16,32.00,48.6,396560.7,3.02,0.771,0.809
COU_1_0807,1,Berlin,scooter,inactive,8100,34.92,30.00,49.16,398212.2,2.95,0.734,0.739
COU_1_0912,1,Berlin,scooter,suspended,8100,34.85,30.00,46.41,375910.2,2.99,0.747,0.752
COU_1_0938,1,Berlin,bike,inactive,8100,34.39,30.00,59.33,480540.6,2.83,0.749,0.783
COU_6_0902,6,Stuttgart,car,active,7922,37.52,33.00,56.8,449988.24,2.90,0.758,0.785
COU_6_0992,6,Stuttgart,scooter,inactive,7922,37.66,33.00,51.69,409520.8,2.99,0.746,0.77
COU_5_0801,5,Frankfurt,bike,active,7650,36.27,32.00,51.59,394699.2,2.91,0.721,0.771
COU_5_0807,5,Frankfurt,bicycle,churned,7650,36.19,32.00,54.02,413247.9,3.02,0.692,0.767
COU_5_0825,5,Frankfurt,car,active,7650,36.50,32.00,49.48,378552.6,2.99,0.792,0.779
COU_5_0881,5,Frankfurt,bicycle,inactive,7650,36.08,32.00,54.86,419648.4,3.10,0.751,0.785
COU_5_0899,5,Frankfurt,bicycle,active,7650,35.99,32.00,52.35,400462.2,2.90,0.732,0.777
COU_1_0836,1,Berlin,bicycle,inactive,7560,34.31,30.00,43.15,326224.8,2.91,0.798,0.808
COU_1_0987,1,Berlin,bike,active,7560,34.30,30.00,34,257061.6,2.92,0.746,0.782
COU_12_0933,12,Hannover,bike,inactive,7560,39.44,35.00,43.94,332178.84,2.94,0.741,0.819
COU_6_0944,6,Stuttgart,scooter,suspended,7456,37.92,33.00,45.08,336083.86,2.88,0.76,0.757
COU_6_0961,6,Stuttgart,car,churned,7456,37.89,33.00,52.68,392768.1,3.06,0.769,0.759
COU_5_0914,5,Frankfurt,bicycle,active,7140,36.25,32.00,52.16,372396.9,3.00,0.737,0.773
COU_1_0892,1,Berlin,car,inactive,7020,34.55,30.00,62.54,439063.19,2.99,0.764,0.773
COU_1_0918,1,Berlin,bike,active,7020,34.20,30.00,53.98,378950.4,2.98,0.806,0.728
COU_6_0987,6,Stuttgart,bicycle,suspended,6990,37.75,33.00,52.04,363787.56,3.01,0.755,0.766
COU_5_0810,5,Frankfurt,bike,suspended,6630,36.64,32.00,52.9,350737.2,3.15,0.806,0.808
COU_6_0804,6,Stuttgart,scooter,suspended,6524,37.59,33.00,55.89,364645,2.98,0.772,0.755
COU_1_0963,1,Berlin,scooter,suspended,6480,34.80,30.00,61.34,397456.2,2.88,0.748,0.776
COU_5_0831,5,Frankfurt,bike,inactive,6120,37.32,32.00,51.35,314256.9,2.94,0.772,0.78
COU_5_0994,5,Frankfurt,bicycle,suspended,6120,36.65,32.00,51.39,314532.3,3.08,0.729,0.798
COU_6_0826,6,Stuttgart,bike,active,6058,38.04,33.00,54.47,329983.92,3.03,0.838,0.761
COU_1_0909,1,Berlin,scooter,churned,5940,34.30,30.00,36.91,219272.4,3.03,0.772,0.77
COU_12_0848,12,Hannover,bike,inactive,5712,39.17,35.00,50.11,286238.4,2.92,0.73,0.781
COU_7_0841,7,Dusseldorf,bicycle,active,5700,38.79,34.00,57.3,326625,2.97,0.746,0.805
COU_6_0977,6,Stuttgart,bicycle,suspended,5592,37.30,33.00,46.44,259687.82,3.02,0.811,0.773
COU_6_0995,6,Stuttgart,bicycle,suspended,5592,37.29,33.00,39.01,218167.22,3.02,0.741,0.817
COU_6_0816,6,Stuttgart,bicycle,suspended,5592,37.63,33.00,50.12,280247.74,3.11,0.736,0.784
COU_7_0978,7,Dusseldorf,bike,active,5400,38.76,34.00,50.87,274707,3.06,0.719,0.734
COU_7_0871,7,Dusseldorf,bicycle,inactive,5100,38.68,34.00,55.45,282783,3.02,0.783,0.769
COU_7_0877,7,Dusseldorf,bike,active,5100,37.67,34.00,44.45,226713,3.03,0.752,0.788
COU_7_0929,7,Dusseldorf,bicycle,active,4800,38.73,34.00,47.28,226959,2.97,0.743,0.763
COU_7_0940,7,Dusseldorf,bicycle,active,4800,38.21,34.00,53.53,256964.99,2.99,0.729,0.796
COU_7_0805,7,Dusseldorf,bicycle,churned,4500,38.57,34.00,39.51,177792,2.96,0.766,0.779
COU_7_0946,7,Dusseldorf,bicycle,active,4500,39.25,34.00,54.04,243162,3.08,0.719,0.735
COU_7_0837,7,Dusseldorf,car,active,4200,38.58,34.00,41.84,175725,3.03,0.735,0.814
COU_7_0971,7,Dusseldorf,bike,inactive,4200,39.07,34.00,54.66,229593,3.11,0.753,0.799
COU_7_0856,7,Dusseldorf,bicycle,churned,3900,39.00,34.00,49.28,192174,3.19,0.706,0.747
COU_7_0921,7,Dusseldorf,car,active,3900,38.31,34.00,48.74,190086,2.92,0.782,0.775
COU_7_0997,7,Dusseldorf,scooter,active,3900,39.02,34.00,49.82,194295,3.10,0.764,0.8
COU_6_0859,6,Stuttgart,car,suspended,0,0.00,0.00,39.94,599.08,0.00,0.752,0.74
COU_6_0860,6,Stuttgart,bike,suspended,0,0.00,0.00,50.48,757.18,0.00,0.734,0.81
COU_6_0861,6,Stuttgart,bicycle,inactive,0,0.00,0.00,37.05,444.61,0.00,0.79,0.777
COU_6_0862,6,Stuttgart,scooter,churned,0,0.00,0.00,49.78,796.46,0.00,0.719,0.783
COU_6_0863,6,Stuttgart,car,active,0,0.00,0.00,57.45,574.53,0.00,0.742,0.825
COU_6_0864,6,Stuttgart,bicycle,suspended,0,0.00,0.00,55.76,892.2,0.00,0.752,0.714
COU_6_0865,6,Stuttgart,bicycle,inactive,0,0.00,0.00,46.28,740.54,0.00,0.767,0.779
COU_6_0866,6,Stuttgart,scooter,inactive,0,0.00,0.00,57.94,811.09,0.00,0.76,0.745
COU_6_0867,6,Stuttgart,car,churned,0,0.00,0.00,51.87,414.98,0.00,0.765,0.783
COU_6_0868,6,Stuttgart,car,suspended,0,0.00,0.00,51.54,669.98,0.00,0.764,0.828
COU_6_0869,6,Stuttgart,car,churned,0,0.00,0.00,54.07,811.06,0.00,0.72,0.75
COU_6_0870,6,Stuttgart,bicycle,inactive,0,0.00,0.00,54.39,598.24,0.00,0.722,0.791
COU_6_0871,6,Stuttgart,bike,suspended,0,0.00,0.00,55.21,662.5,0.00,0.742,0.809
COU_6_0872,6,Stuttgart,bicycle,churned,0,0.00,0.00,49.46,642.98,0.00,0.742,0.734
COU_6_0873,6,Stuttgart,bike,inactive,0,0.00,0.00,52.7,685.12,0.00,0.737,0.809
COU_6_0874,6,Stuttgart,bicycle,inactive,0,0.00,0.00,54.53,818.02,0.00,0.749,0.751
COU_6_0875,6,Stuttgart,bike,inactive,0,0.00,0.00,58,928.04,0.00,0.783,0.776
COU_6_0876,6,Stuttgart,car,suspended,0,0.00,0.00,49.15,786.4,0.00,0.731,0.741
COU_6_0877,6,Stuttgart,bike,suspended,0,0.00,0.00,53.62,697.09,0.00,0.767,0.788
COU_6_0878,6,Stuttgart,bicycle,suspended,0,0.00,0.00,56.6,848.99,0.00,0.752,0.82
COU_6_0880,6,Stuttgart,scooter,suspended,0,0.00,0.00,51.07,612.88,0.00,0.832,0.741
COU_6_0881,6,Stuttgart,bicycle,inactive,0,0.00,0.00,45.63,684.51,0.00,0.721,0.831
COU_6_0882,6,Stuttgart,car,inactive,0,0.00,0.00,51.71,465.43,0.00,0.799,0.703
COU_6_0883,6,Stuttgart,bicycle,inactive,0,0.00,0.00,43.96,615.37,0.00,0.696,0.795
COU_6_0884,6,Stuttgart,bike,churned,0,0.00,0.00,40.85,571.87,0.00,0.734,0.772
COU_6_0885,6,Stuttgart,bicycle,suspended,0,0.00,0.00,45.3,588.91,0.00,0.737,0.754
COU_6_0886,6,Stuttgart,bicycle,suspended,0,0.00,0.00,49.09,736.33,0.00,0.755,0.782
COU_6_0887,6,Stuttgart,car,inactive,0,0.00,0.00,62.37,686.12,0.00,0.808,0.805
COU_6_0888,6,Stuttgart,bike,inactive,0,0.00,0.00,52.31,680.07,0.00,0.736,0.771
COU_6_0889,6,Stuttgart,bike,churned,0,0.00,0.00,43.17,690.75,0.00,0.75,0.868
COU_6_0890,6,Stuttgart,car,active,0,0.00,0.00,54.52,872.32,0.00,0.741,0.794
COU_6_0891,6,Stuttgart,scooter,suspended,0,0.00,0.00,57.79,982.42,0.00,0.753,0.763
COU_6_0892,6,Stuttgart,bicycle,suspended,0,0.00,0.00,52.95,847.27,0.00,0.707,0.754
COU_6_0893,6,Stuttgart,bike,churned,0,0.00,0.00,39.99,559.79,0.00,0.735,0.767
COU_6_0894,6,Stuttgart,car,suspended,0,0.00,0.00,51.3,769.45,0.00,0.729,0.803
COU_6_0895,6,Stuttgart,bike,suspended,0,0.00,0.00,51.21,768.11,0.00,0.777,0.768
COU_6_0896,6,Stuttgart,car,churned,0,0.00,0.00,60.84,730.06,0.00,0.754,0.75
COU_6_0897,6,Stuttgart,scooter,churned,0,0.00,0.00,45.7,502.73,0.00,0.738,0.811
COU_6_0898,6,Stuttgart,bike,suspended,0,0.00,0.00,64.25,963.75,0.00,0.709,0.795
COU_6_0899,6,Stuttgart,car,churned,0,0.00,0.00,45.63,501.9,0.00,0.688,0.829
COU_6_0900,6,Stuttgart,bicycle,inactive,0,0.00,0.00,44.76,581.84,0.00,0.749,0.798
COU_6_0901,6,Stuttgart,bicycle,inactive,0,0.00,0.00,64.33,1029.31,0.00,0.748,0.776
COU_6_0903,6,Stuttgart,scooter,active,0,0.00,0.00,65.19,847.49,0.00,0.84,0.756
COU_6_0904,6,Stuttgart,scooter,suspended,0,0.00,0.00,52.27,679.5,0.00,0.708,0.745
COU_6_0905,6,Stuttgart,scooter,inactive,0,0.00,0.00,51.24,666.16,0.00,0.766,0.775
COU_6_0906,6,Stuttgart,bike,suspended,0,0.00,0.00,54.23,813.46,0.00,0.725,0.785
COU_6_0907,6,Stuttgart,scooter,churned,0,0.00,0.00,60.97,853.52,0.00,0.716,0.78
COU_6_0908,6,Stuttgart,bicycle,churned,0,0.00,0.00,65.68,985.15,0.00,0.74,0.756
COU_6_0909,6,Stuttgart,bike,active,0,0.00,0.00,54.32,923.4,0.00,0.759,0.78
COU_6_0910,6,Stuttgart,bike,inactive,0,0.00,0.00,49.07,785.15,0.00,0.763,0.784
COU_6_0911,6,Stuttgart,car,inactive,0,0.00,0.00,52.41,786.09,0.00,0.765,0.804
COU_6_0912,6,Stuttgart,car,active,0,0.00,0.00,48.74,633.68,0.00,0.761,0.775
COU_6_0913,6,Stuttgart,scooter,active,0,0.00,0.00,54.13,703.72,0.00,0.716,0.794
COU_6_0914,6,Stuttgart,bicycle,suspended,0,0.00,0.00,54,809.97,0.00,0.744,0.785
COU_6_0915,6,Stuttgart,bicycle,suspended,0,0.00,0.00,55.59,722.61,0.00,0.73,0.754
COU_6_0916,6,Stuttgart,bicycle,churned,0,0.00,0.00,51.33,718.57,0.00,0.77,0.725
COU_6_0917,6,Stuttgart,bicycle,active,0,0.00,0.00,49.59,842.95,0.00,0.79,0.792
COU_6_0918,6,Stuttgart,bicycle,inactive,0,0.00,0.00,51.27,769.03,0.00,0.725,0.796
COU_6_0919,6,Stuttgart,car,active,0,0.00,0.00,49.02,784.33,0.00,0.764,0.797
COU_6_0920,6,Stuttgart,car,inactive,0,0.00,0.00,56.86,796.03,0.00,0.76,0.74
COU_6_0921,6,Stuttgart,bicycle,inactive,0,0.00,0.00,58.15,697.84,0.00,0.755,0.806
COU_6_0922,6,Stuttgart,car,suspended,0,0.00,0.00,59.75,776.7,0.00,0.814,0.812
COU_6_0923,6,Stuttgart,scooter,churned,0,0.00,0.00,55.5,610.52,0.00,0.742,0.777
COU_6_0924,6,Stuttgart,bike,suspended,0,0.00,0.00,48.62,680.68,0.00,0.729,0.736
COU_6_0925,6,Stuttgart,bike,active,0,0.00,0.00,53.01,742.08,0.00,0.758,0.75
COU_6_0926,6,Stuttgart,bike,inactive,0,0.00,0.00,58.95,648.44,0.00,0.755,0.78
COU_6_0927,6,Stuttgart,bike,churned,0,0.00,0.00,60.15,661.61,0.00,0.788,0.774
COU_6_0928,6,Stuttgart,bicycle,active,0,0.00,0.00,50.79,914.29,0.00,0.765,0.778
COU_6_0929,6,Stuttgart,scooter,churned,0,0.00,0.00,54.27,542.74,0.00,0.835,0.751
COU_6_0930,6,Stuttgart,bike,inactive,0,0.00,0.00,58.12,988.1,0.00,0.757,0.802
COU_6_0931,6,Stuttgart,scooter,suspended,0,0.00,0.00,47.21,660.96,0.00,0.752,0.747
COU_6_0932,6,Stuttgart,car,suspended,0,0.00,0.00,50.89,559.78,0.00,0.788,0.804
COU_6_0933,6,Stuttgart,scooter,suspended,0,0.00,0.00,50.89,814.21,0.00,0.706,0.773
COU_6_0934,6,Stuttgart,scooter,active,0,0.00,0.00,53.09,796.37,0.00,0.799,0.785
COU_6_0935,6,Stuttgart,car,active,0,0.00,0.00,60.93,670.24,0.00,0.727,0.825
COU_6_0936,6,Stuttgart,scooter,churned,0,0.00,0.00,57.02,855.25,0.00,0.789,0.77
COU_6_0937,6,Stuttgart,bicycle,suspended,0,0.00,0.00,47.11,706.65,0.00,0.745,0.756
COU_6_0938,6,Stuttgart,bicycle,churned,0,0.00,0.00,50.15,802.46,0.00,0.714,0.742
COU_6_0939,6,Stuttgart,bicycle,active,0,0.00,0.00,51.79,828.58,0.00,0.779,0.751
COU_6_0940,6,Stuttgart,bike,inactive,0,0.00,0.00,58.21,756.77,0.00,0.763,0.774
COU_6_0941,6,Stuttgart,car,churned,0,0.00,0.00,54.77,876.29,0.00,0.768,0.804
COU_6_0942,6,Stuttgart,car,churned,0,0.00,0.00,45.58,729.32,0.00,0.791,0.822
COU_6_0943,6,Stuttgart,car,suspended,0,0.00,0.00,52.83,792.51,0.00,0.796,0.751
COU_6_0945,6,Stuttgart,bicycle,inactive,0,0.00,0.00,42.68,597.48,0.00,0.819,0.778
COU_6_0946,6,Stuttgart,bicycle,active,0,0.00,0.00,47,752.06,0.00,0.748,0.801
COU_6_0947,6,Stuttgart,scooter,active,0,0.00,0.00,41.92,586.88,0.00,0.821,0.734
COU_6_0948,6,Stuttgart,scooter,active,0,0.00,0.00,54.98,879.63,0.00,0.808,0.813
COU_6_0949,6,Stuttgart,car,active,0,0.00,0.00,59.57,833.94,0.00,0.759,0.752
COU_6_0950,6,Stuttgart,car,inactive,0,0.00,0.00,56.99,683.91,0.00,0.726,0.749
COU_6_0951,6,Stuttgart,bicycle,inactive,0,0.00,0.00,44.99,719.82,0.00,0.751,0.769
COU_6_0952,6,Stuttgart,car,churned,0,0.00,0.00,54.41,979.47,0.00,0.75,0.801
COU_6_0953,6,Stuttgart,scooter,active,0,0.00,0.00,52.87,740.2,0.00,0.699,0.769
COU_6_0954,6,Stuttgart,scooter,suspended,0,0.00,0.00,50.45,756.77,0.00,0.732,0.776
COU_6_0955,6,Stuttgart,scooter,active,0,0.00,0.00,54.99,714.84,0.00,0.78,0.802
COU_6_0956,6,Stuttgart,car,active,0,0.00,0.00,54.23,650.79,0.00,0.678,0.762
COU_6_0957,6,Stuttgart,scooter,inactive,0,0.00,0.00,53.19,904.21,0.00,0.791,0.775
COU_6_0958,6,Stuttgart,car,churned,0,0.00,0.00,53.29,639.48,0.00,0.738,0.787
COU_6_0959,6,Stuttgart,bicycle,suspended,0,0.00,0.00,54.79,821.87,0.00,0.726,0.744
COU_6_0960,6,Stuttgart,bike,suspended,0,0.00,0.00,46.46,696.92,0.00,0.722,0.767
COU_6_0962,6,Stuttgart,bicycle,active,0,0.00,0.00,54.67,656.03,0.00,0.779,0.828
COU_6_0963,6,Stuttgart,car,active,0,0.00,0.00,48.32,821.38,0.00,0.806,0.77
COU_6_0964,6,Stuttgart,bike,active,0,0.00,0.00,53.55,696.21,0.00,0.731,0.763
COU_6_0965,6,Stuttgart,car,churned,0,0.00,0.00,61.66,863.25,0.00,0.718,0.742
COU_6_0966,6,Stuttgart,bicycle,active,0,0.00,0.00,50.29,653.75,0.00,0.77,0.792
COU_6_0967,6,Stuttgart,bike,inactive,0,0.00,0.00,58.31,816.34,0.00,0.773,0.788
COU_6_0968,6,Stuttgart,scooter,suspended,0,0.00,0.00,59.28,711.35,0.00,0.773,0.799
COU_6_0969,6,Stuttgart,scooter,inactive,0,0.00,0.00,51.77,673.05,0.00,0.706,0.738
COU_6_0970,6,Stuttgart,bicycle,suspended,0,0.00,0.00,46.57,698.6,0.00,0.732,0.768
COU_6_0971,6,Stuttgart,car,inactive,0,0.00,0.00,53.2,638.39,0.00,0.721,0.755
COU_6_0972,6,Stuttgart,scooter,inactive,0,0.00,0.00,52.26,783.96,0.00,0.774,0.776
COU_6_0973,6,Stuttgart,bicycle,suspended,0,0.00,0.00,58.85,941.64,0.00,0.766,0.794
COU_6_0974,6,Stuttgart,bicycle,inactive,0,0.00,0.00,49,587.98,0.00,0.764,0.78
COU_6_0975,6,Stuttgart,scooter,churned,0,0.00,0.00,47.1,565.15,0.00,0.794,0.794
COU_6_0976,6,Stuttgart,bicycle,churned,0,0.00,0.00,45.79,595.25,0.00,0.784,0.769
COU_6_0978,6,Stuttgart,bicycle,inactive,0,0.00,0.00,50.7,709.76,0.00,0.751,0.74
COU_6_0979,6,Stuttgart,car,active,0,0.00,0.00,58.11,813.52,0.00,0.712,0.756
COU_6_0980,6,Stuttgart,car,active,0,0.00,0.00,58.12,697.4,0.00,0.733,0.777
COU_6_0981,6,Stuttgart,bicycle,suspended,0,0.00,0.00,54.35,434.79,0.00,0.801,0.778
COU_6_0982,6,Stuttgart,bike,churned,0,0.00,0.00,45.9,688.46,0.00,0.754,0.746
COU_6_0983,6,Stuttgart,bicycle,suspended,0,0.00,0.00,55.69,612.59,0.00,0.71,0.78
COU_6_0984,6,Stuttgart,car,churned,0,0.00,0.00,47.17,660.35,0.00,0.75,0.751
COU_6_0985,6,Stuttgart,bike,inactive,0,0.00,0.00,38.11,533.52,0.00,0.743,0.779
COU_6_0986,6,Stuttgart,scooter,inactive,0,0.00,0.00,46,598.06,0.00,0.74,0.762
COU_6_0988,6,Stuttgart,bike,active,0,0.00,0.00,51.53,773.01,0.00,0.684,0.766
COU_6_0989,6,Stuttgart,scooter,active,0,0.00,0.00,57.04,627.49,0.00,0.751,0.771
COU_6_0990,6,Stuttgart,bike,inactive,0,0.00,0.00,53.33,746.56,0.00,0.732,0.747
COU_6_0991,6,Stuttgart,car,churned,0,0.00,0.00,53.43,854.94,0.00,0.727,0.79
COU_6_0993,6,Stuttgart,scooter,active,0,0.00,0.00,54.2,813,0.00,0.714,0.742
COU_6_0994,6,Stuttgart,bicycle,churned,0,0.00,0.00,54.04,648.45,0.00,0.744,0.768
COU_6_0996,6,Stuttgart,car,churned,0,0.00,0.00,56.68,793.47,0.00,0.717,0.732
COU_6_0997,6,Stuttgart,bike,churned,0,0.00,0.00,63.83,829.83,0.00,0.763,0.747
COU_6_0998,6,Stuttgart,bike,suspended,0,0.00,0.00,50.99,815.9,0.00,0.755,0.816
COU_6_0999,6,Stuttgart,car,inactive,0,0.00,0.00,54.12,595.27,0.00,0.8,0.749
COU_7_0800,7,Dusseldorf,bicycle,suspended,0,0.00,0.00,49.45,840.58,0.00,0.765,0.766
COU_7_0801,7,Dusseldorf,scooter,active,0,0.00,0.00,48.32,628.18,0.00,0.803,0.775
COU_7_0802,7,Dusseldorf,scooter,churned,0,0.00,0.00,43.85,657.74,0.00,0.778,0.771
COU_7_0803,7,Dusseldorf,car,active,0,0.00,0.00,51.97,883.56,0.00,0.793,0.82
COU_7_0804,7,Dusseldorf,scooter,active,0,0.00,0.00,56.18,898.9,0.00,0.687,0.772
COU_7_0806,7,Dusseldorf,bicycle,inactive,0,0.00,0.00,56.88,739.47,0.00,0.768,0.797
COU_7_0807,7,Dusseldorf,scooter,inactive,0,0.00,0.00,52.63,842.06,0.00,0.771,0.756
COU_7_0808,7,Dusseldorf,car,suspended,0,0.00,0.00,48.32,628.16,0.00,0.758,0.773
COU_7_0809,7,Dusseldorf,bike,active,0,0.00,0.00,55.81,613.94,0.00,0.684,0.74
COU_7_0810,7,Dusseldorf,bicycle,active,0,0.00,0.00,50.19,602.26,0.00,0.721,0.793
COU_7_0811,7,Dusseldorf,scooter,active,0,0.00,0.00,54.53,599.79,0.00,0.787,0.794
COU_7_0812,7,Dusseldorf,bike,suspended,0,0.00,0.00,42.48,637.14,0.00,0.809,0.795
COU_7_0813,7,Dusseldorf,car,inactive,0,0.00,0.00,56.24,674.87,0.00,0.755,0.822
COU_7_0814,7,Dusseldorf,scooter,churned,0,0.00,0.00,56.82,738.67,0.00,0.712,0.789
COU_7_0815,7,Dusseldorf,scooter,inactive,0,0.00,0.00,47.82,717.27,0.00,0.752,0.817
COU_7_0816,7,Dusseldorf,car,churned,0,0.00,0.00,45.07,631.04,0.00,0.761,0.75
COU_7_0817,7,Dusseldorf,car,active,0,0.00,0.00,48.36,628.7,0.00,0.75,0.769
COU_7_0818,7,Dusseldorf,scooter,suspended,0,0.00,0.00,57.87,694.44,0.00,0.726,0.774
COU_7_0819,7,Dusseldorf,bike,active,0,0.00,0.00,51.6,567.62,0.00,0.786,0.752
COU_7_0820,7,Dusseldorf,bicycle,suspended,0,0.00,0.00,69.73,906.54,0.00,0.716,0.765
COU_7_0821,7,Dusseldorf,bicycle,active,0,0.00,0.00,58.54,819.51,0.00,0.792,0.792
COU_7_0822,7,Dusseldorf,scooter,inactive,0,0.00,0.00,43.94,703.03,0.00,0.74,0.789
COU_7_0823,7,Dusseldorf,car,suspended,0,0.00,0.00,50.74,811.78,0.00,0.697,0.816
COU_7_0824,7,Dusseldorf,car,inactive,0,0.00,0.00,56.22,787.1,0.00,0.674,0.794
COU_7_0825,7,Dusseldorf,bicycle,suspended,0,0.00,0.00,44.91,628.76,0.00,0.782,0.791
COU_7_0826,7,Dusseldorf,scooter,inactive,0,0.00,0.00,47.08,847.44,0.00,0.765,0.79
COU_7_0827,7,Dusseldorf,bike,inactive,0,0.00,0.00,57.93,637.22,0.00,0.815,0.799
COU_7_0828,7,Dusseldorf,car,active,0,0.00,0.00,49.85,697.95,0.00,0.778,0.748
COU_7_0829,7,Dusseldorf,scooter,churned,0,0.00,0.00,50.75,608.96,0.00,0.74,0.815
COU_7_0830,7,Dusseldorf,scooter,churned,0,0.00,0.00,36.5,547.45,0.00,0.729,0.748
COU_7_0831,7,Dusseldorf,bike,inactive,0,0.00,0.00,56.32,732.22,0.00,0.721,0.761
COU_7_0832,7,Dusseldorf,car,active,0,0.00,0.00,54.99,549.86,0.00,0.738,0.764
COU_7_0833,7,Dusseldorf,bicycle,suspended,0,0.00,0.00,46.25,786.28,0.00,0.791,0.773
COU_7_0834,7,Dusseldorf,car,churned,0,0.00,0.00,59.98,1019.62,0.00,0.73,0.745
COU_7_0835,7,Dusseldorf,scooter,active,0,0.00,0.00,54.5,817.45,0.00,0.711,0.768
COU_7_0836,7,Dusseldorf,bike,churned,0,0.00,0.00,59.12,827.71,0.00,0.751,0.807
COU_7_0838,7,Dusseldorf,bike,active,0,0.00,0.00,50.92,356.46,0.00,0.673,0.709
COU_7_0839,7,Dusseldorf,bike,suspended,0,0.00,0.00,45.35,317.42,0.00,0.812,0.817
COU_7_0840,7,Dusseldorf,car,suspended,0,0.00,0.00,44.05,528.64,0.00,0.76,0.756
COU_7_0842,7,Dusseldorf,bicycle,suspended,0,0.00,0.00,42.43,466.75,0.00,0.833,0.858
COU_7_0843,7,Dusseldorf,bike,churned,0,0.00,0.00,53.79,537.89,0.00,0.761,0.684
COU_7_0844,7,Dusseldorf,bicycle,active,0,0.00,0.00,55.37,775.22,0.00,0.751,0.809
COU_7_0845,7,Dusseldorf,bicycle,active,0,0.00,0.00,40.81,489.66,0.00,0.753,0.796
COU_7_0846,7,Dusseldorf,bike,churned,0,0.00,0.00,51.34,667.38,0.00,0.781,0.767
COU_7_0847,7,Dusseldorf,scooter,churned,0,0.00,0.00,51.84,673.92,0.00,0.744,0.785
COU_7_0848,7,Dusseldorf,scooter,churned,0,0.00,0.00,54.38,652.6,0.00,0.831,0.785
COU_7_0849,7,Dusseldorf,car,inactive,0,0.00,0.00,60.72,850.03,0.00,0.777,0.777
COU_7_0850,7,Dusseldorf,bike,churned,0,0.00,0.00,48.35,725.31,0.00,0.825,0.772
COU_7_0851,7,Dusseldorf,car,active,0,0.00,0.00,37.78,566.72,0.00,0.783,0.796
COU_7_0852,7,Dusseldorf,car,suspended,0,0.00,0.00,56.63,792.78,0.00,0.736,0.777
COU_7_0853,7,Dusseldorf,car,suspended,0,0.00,0.00,59.3,770.88,0.00,0.723,0.792
COU_7_0854,7,Dusseldorf,bike,churned,0,0.00,0.00,51.98,675.78,0.00,0.754,0.737
COU_7_0855,7,Dusseldorf,bike,suspended,0,0.00,0.00,48.31,531.45,0.00,0.714,0.839
COU_7_0857,7,Dusseldorf,bicycle,active,0,0.00,0.00,52.76,685.9,0.00,0.782,0.8
COU_7_0858,7,Dusseldorf,bicycle,suspended,0,0.00,0.00,51.35,718.96,0.00,0.793,0.742
COU_7_0859,7,Dusseldorf,bike,inactive,0,0.00,0.00,50.8,711.14,0.00,0.73,0.808
COU_7_0860,7,Dusseldorf,car,active,0,0.00,0.00,49.39,740.86,0.00,0.796,0.804
COU_7_0861,7,Dusseldorf,scooter,active,0,0.00,0.00,65.17,912.37,0.00,0.697,0.723
COU_7_0862,7,Dusseldorf,scooter,active,0,0.00,0.00,50.76,710.71,0.00,0.737,0.777
COU_7_0863,7,Dusseldorf,bike,suspended,0,0.00,0.00,61.33,674.62,0.00,0.805,0.821
COU_7_0864,7,Dusseldorf,bike,inactive,0,0.00,0.00,53.25,905.22,0.00,0.731,0.801
COU_7_0865,7,Dusseldorf,bicycle,churned,0,0.00,0.00,53.6,911.17,0.00,0.775,0.763
COU_7_0866,7,Dusseldorf,car,active,0,0.00,0.00,55.51,777.18,0.00,0.758,0.777
COU_7_0867,7,Dusseldorf,bicycle,suspended,0,0.00,0.00,59.59,834.21,0.00,0.755,0.764
COU_7_0868,7,Dusseldorf,bike,churned,0,0.00,0.00,59.47,832.52,0.00,0.696,0.778
COU_7_0869,7,Dusseldorf,car,inactive,0,0.00,0.00,54.81,712.54,0.00,0.714,0.74
COU_7_0870,7,Dusseldorf,bike,inactive,0,0.00,0.00,45.11,631.58,0.00,0.813,0.782
COU_7_0872,7,Dusseldorf,bike,suspended,0,0.00,0.00,56.91,739.83,0.00,0.774,0.762
COU_7_0873,7,Dusseldorf,bike,active,0,0.00,0.00,41.37,661.87,0.00,0.718,0.744
COU_7_0874,7,Dusseldorf,car,inactive,0,0.00,0.00,50.7,557.72,0.00,0.799,0.777
COU_7_0875,7,Dusseldorf,scooter,suspended,0,0.00,0.00,55.93,838.99,0.00,0.793,0.799
COU_7_0876,7,Dusseldorf,car,suspended,0,0.00,0.00,63.55,889.65,0.00,0.733,0.776
COU_7_0878,7,Dusseldorf,scooter,suspended,0,0.00,0.00,52.63,684.25,0.00,0.748,0.782
COU_7_0879,7,Dusseldorf,car,active,0,0.00,0.00,42.67,640.09,0.00,0.783,0.777
COU_7_0880,7,Dusseldorf,bicycle,churned,0,0.00,0.00,48.59,680.21,0.00,0.736,0.785
COU_7_0881,7,Dusseldorf,car,inactive,0,0.00,0.00,50.71,709.98,0.00,0.725,0.806
COU_7_0882,7,Dusseldorf,bicycle,churned,0,0.00,0.00,57.65,518.84,0.00,0.706,0.776
COU_7_0883,7,Dusseldorf,car,suspended,0,0.00,0.00,52.16,834.63,0.00,0.811,0.79
COU_7_0884,7,Dusseldorf,scooter,active,0,0.00,0.00,46.88,750.06,0.00,0.7,0.775
COU_7_0885,7,Dusseldorf,bicycle,suspended,0,0.00,0.00,50.29,603.46,0.00,0.679,0.748
COU_7_0886,7,Dusseldorf,car,churned,0,0.00,0.00,51.41,822.61,0.00,0.755,0.742
COU_7_0887,7,Dusseldorf,bike,inactive,0,0.00,0.00,58.21,640.36,0.00,0.693,0.741
COU_7_0888,7,Dusseldorf,scooter,inactive,0,0.00,0.00,43.7,611.79,0.00,0.717,0.775
COU_7_0889,7,Dusseldorf,scooter,active,0,0.00,0.00,54.77,821.55,0.00,0.744,0.819
COU_7_0890,7,Dusseldorf,scooter,inactive,0,0.00,0.00,55.35,830.21,0.00,0.728,0.778
COU_7_0891,7,Dusseldorf,bike,active,0,0.00,0.00,43.76,568.83,0.00,0.768,0.759
COU_7_0892,7,Dusseldorf,bike,inactive,0,0.00,0.00,60.78,850.92,0.00,0.727,0.77
COU_7_0893,7,Dusseldorf,bicycle,suspended,0,0.00,0.00,55.63,667.51,0.00,0.762,0.785
COU_7_0894,7,Dusseldorf,car,churned,0,0.00,0.00,49.13,786.06,0.00,0.735,0.769
COU_7_0895,7,Dusseldorf,bike,suspended,0,0.00,0.00,52.85,739.91,0.00,0.751,0.786
COU_7_0896,7,Dusseldorf,scooter,active,0,0.00,0.00,48.7,827.94,0.00,0.753,0.718
COU_7_0897,7,Dusseldorf,car,inactive,0,0.00,0.00,69.41,971.68,0.00,0.792,0.757
COU_7_0898,7,Dusseldorf,bicycle,churned,0,0.00,0.00,52.89,740.44,0.00,0.772,0.792
COU_7_0899,7,Dusseldorf,car,churned,0,0.00,0.00,58.53,819.44,0.00,0.698,0.798
COU_7_0900,7,Dusseldorf,bike,churned,0,0.00,0.00,48.5,678.96,0.00,0.747,0.795
COU_7_0901,7,Dusseldorf,bike,active,0,0.00,0.00,53.58,696.59,0.00,0.734,0.776
COU_7_0902,7,Dusseldorf,bicycle,churned,0,0.00,0.00,55.3,829.52,0.00,0.758,0.761
COU_7_0903,7,Dusseldorf,car,churned,0,0.00,0.00,56.69,850.28,0.00,0.719,0.789
COU_7_0904,7,Dusseldorf,car,inactive,0,0.00,0.00,59.96,899.37,0.00,0.768,0.817
COU_7_0905,7,Dusseldorf,scooter,inactive,0,0.00,0.00,55.36,719.64,0.00,0.745,0.767
COU_7_0906,7,Dusseldorf,bike,active,0,0.00,0.00,55.97,727.61,0.00,0.729,0.759
COU_7_0907,7,Dusseldorf,bicycle,suspended,0,0.00,0.00,50.14,802.3,0.00,0.752,0.748
COU_7_0908,7,Dusseldorf,car,churned,0,0.00,0.00,57.16,743.06,0.00,0.691,0.773
COU_7_0909,7,Dusseldorf,car,suspended,0,0.00,0.00,48.19,867.46,0.00,0.802,0.748
COU_7_0910,7,Dusseldorf,bicycle,suspended,0,0.00,0.00,54.5,762.96,0.00,0.783,0.81
COU_7_0911,7,Dusseldorf,scooter,suspended,0,0.00,0.00,51.34,821.51,0.00,0.762,0.75
COU_7_0912,7,Dusseldorf,bike,churned,0,0.00,0.00,59.99,779.85,0.00,0.777,0.783
COU_7_0913,7,Dusseldorf,bike,active,0,0.00,0.00,51.97,883.49,0.00,0.762,0.771
COU_7_0914,7,Dusseldorf,bicycle,suspended,0,0.00,0.00,43.38,563.9,0.00,0.739,0.764
COU_7_0915,7,Dusseldorf,scooter,suspended,0,0.00,0.00,52.59,893.99,0.00,0.745,0.808
COU_7_0916,7,Dusseldorf,bicycle,churned,0,0.00,0.00,48.46,775.32,0.00,0.735,0.794
COU_7_0917,7,Dusseldorf,scooter,inactive,0,0.00,0.00,53.39,694.04,0.00,0.744,0.76
COU_7_0918,7,Dusseldorf,scooter,churned,0,0.00,0.00,67.96,951.42,0.00,0.743,0.741
COU_7_0919,7,Dusseldorf,car,churned,0,0.00,0.00,48.2,723.01,0.00,0.697,0.774
COU_7_0920,7,Dusseldorf,scooter,active,0,0.00,0.00,39.01,546.13,0.00,0.76,0.774
COU_7_0922,7,Dusseldorf,car,suspended,0,0.00,0.00,54.23,759.23,0.00,0.733,0.763
COU_7_0923,7,Dusseldorf,bike,suspended,0,0.00,0.00,59.9,598.98,0.00,0.776,0.781
COU_7_0924,7,Dusseldorf,bike,active,0,0.00,0.00,57.04,912.69,0.00,0.725,0.771
COU_7_0925,7,Dusseldorf,bicycle,active,0,0.00,0.00,50.6,657.79,0.00,0.765,0.752
COU_7_0926,7,Dusseldorf,car,churned,0,0.00,0.00,58.35,933.53,0.00,0.785,0.751
COU_7_0927,7,Dusseldorf,bicycle,suspended,0,0.00,0.00,49.39,592.68,0.00,0.809,0.78
COU_7_0928,7,Dusseldorf,scooter,suspended,0,0.00,0.00,46.33,694.95,0.00,0.749,0.753
COU_7_0930,7,Dusseldorf,bike,suspended,0,0.00,0.00,53.6,804.07,0.00,0.759,0.779
COU_7_0931,7,Dusseldorf,bike,active,0,0.00,0.00,41.99,587.84,0.00,0.778,0.781
COU_7_0932,7,Dusseldorf,scooter,churned,0,0.00,0.00,56.27,675.2,0.00,0.794,0.744
COU_7_0933,7,Dusseldorf,bicycle,inactive,0,0.00,0.00,47.49,569.93,0.00,0.74,0.754
COU_7_0934,7,Dusseldorf,scooter,suspended,0,0.00,0.00,62.89,1069.08,0.00,0.762,0.797
COU_7_0935,7,Dusseldorf,scooter,active,0,0.00,0.00,49.31,591.72,0.00,0.753,0.745
COU_7_0936,7,Dusseldorf,bike,suspended,0,0.00,0.00,53.52,749.27,0.00,0.706,0.803
COU_7_0937,7,Dusseldorf,scooter,active,0,0.00,0.00,56.42,789.85,0.00,0.728,0.812
COU_7_0938,7,Dusseldorf,bicycle,suspended,0,0.00,0.00,45.71,319.97,0.00,0.798,0.7
COU_7_0939,7,Dusseldorf,bicycle,suspended,0,0.00,0.00,57.92,752.96,0.00,0.688,0.734
COU_7_0941,7,Dusseldorf,scooter,suspended,0,0.00,0.00,50.45,807.23,0.00,0.739,0.807
COU_7_0942,7,Dusseldorf,bicycle,active,0,0.00,0.00,63.58,763.01,0.00,0.772,0.762
COU_7_0943,7,Dusseldorf,scooter,inactive,0,0.00,0.00,55.89,1006.07,0.00,0.781,0.756
COU_7_0944,7,Dusseldorf,bike,inactive,0,0.00,0.00,56.75,737.79,0.00,0.78,0.84
COU_7_0945,7,Dusseldorf,bicycle,churned,0,0.00,0.00,59.28,1007.79,0.00,0.759,0.764
COU_7_0947,7,Dusseldorf,car,churned,0,0.00,0.00,57.27,801.8,0.00,0.804,0.783
COU_7_0948,7,Dusseldorf,car,active,0,0.00,0.00,49.22,639.9,0.00,0.683,0.816
COU_7_0949,7,Dusseldorf,scooter,inactive,0,0.00,0.00,62.32,747.79,0.00,0.716,0.778
COU_7_0950,7,Dusseldorf,bike,suspended,0,0.00,0.00,51.27,820.37,0.00,0.787,0.754
COU_7_0951,7,Dusseldorf,car,active,0,0.00,0.00,56.13,785.81,0.00,0.744,0.775
COU_7_0952,7,Dusseldorf,scooter,suspended,0,0.00,0.00,53.88,969.9,0.00,0.758,0.82
COU_7_0953,7,Dusseldorf,scooter,churned,0,0.00,0.00,43.83,701.26,0.00,0.747,0.766
COU_7_0954,7,Dusseldorf,bike,active,0,0.00,0.00,55.31,829.62,0.00,0.712,0.779
COU_7_0955,7,Dusseldorf,bicycle,inactive,0,0.00,0.00,54.57,709.43,0.00,0.811,0.796
COU_7_0956,7,Dusseldorf,bike,active,0,0.00,0.00,55.89,558.94,0.00,0.791,0.751
COU_7_0957,7,Dusseldorf,bicycle,suspended,0,0.00,0.00,50.92,712.94,0.00,0.749,0.799
COU_7_0958,7,Dusseldorf,car,suspended,0,0.00,0.00,47.06,658.88,0.00,0.757,0.809
COU_7_0959,7,Dusseldorf,bicycle,active,0,0.00,0.00,59,648.95,0.00,0.73,0.78
COU_7_0960,7,Dusseldorf,bicycle,active,0,0.00,0.00,42.02,504.28,0.00,0.716,0.731
COU_7_0961,7,Dusseldorf,scooter,active,0,0.00,0.00,55.61,778.6,0.00,0.705,0.819
COU_7_0962,7,Dusseldorf,scooter,inactive,0,0.00,0.00,40.88,449.7,0.00,0.729,0.789
COU_7_0963,7,Dusseldorf,bike,suspended,0,0.00,0.00,44.77,671.54,0.00,0.791,0.774
COU_7_0964,7,Dusseldorf,car,suspended,0,0.00,0.00,51.31,872.21,0.00,0.772,0.771
COU_7_0965,7,Dusseldorf,car,inactive,0,0.00,0.00,57.44,976.45,0.00,0.797,0.728
COU_7_0966,7,Dusseldorf,scooter,inactive,0,0.00,0.00,63.38,697.2,0.00,0.746,0.83
COU_7_0967,7,Dusseldorf,scooter,inactive,0,0.00,0.00,60.33,723.91,0.00,0.717,0.771
COU_7_0968,7,Dusseldorf,car,churned,0,0.00,0.00,53.68,912.57,0.00,0.752,0.804
COU_7_0969,7,Dusseldorf,bike,churned,0,0.00,0.00,54.69,765.6,0.00,0.721,0.762
COU_7_0970,7,Dusseldorf,scooter,active,0,0.00,0.00,54.79,821.87,0.00,0.762,0.833
COU_7_0972,7,Dusseldorf,bike,inactive,0,0.00,0.00,55.87,726.34,0.00,0.769,0.748
COU_7_0973,7,Dusseldorf,bike,suspended,0,0.00,0.00,45.58,455.8,0.00,0.817,0.804
COU_7_0974,7,Dusseldorf,bike,active,0,0.00,0.00,53.37,640.5,0.00,0.743,0.709
COU_7_0975,7,Dusseldorf,bicycle,inactive,0,0.00,0.00,60.96,853.38,0.00,0.793,0.82
COU_7_0976,7,Dusseldorf,bike,churned,0,0.00,0.00,59.84,837.79,0.00,0.725,0.759
COU_7_0977,7,Dusseldorf,scooter,active,0,0.00,0.00,62.55,875.65,0.00,0.694,0.715
COU_7_0979,7,Dusseldorf,scooter,active,0,0.00,0.00,56.5,791.04,0.00,0.758,0.723
COU_7_0980,7,Dusseldorf,bike,inactive,0,0.00,0.00,46,689.96,0.00,0.726,0.806
COU_7_0981,7,Dusseldorf,bike,suspended,0,0.00,0.00,42.8,556.46,0.00,0.759,0.796
COU_7_0982,7,Dusseldorf,car,churned,0,0.00,0.00,59.39,534.5,0.00,0.673,0.76
COU_7_0983,7,Dusseldorf,car,churned,0,0.00,0.00,53.59,750.3,0.00,0.724,0.773
COU_7_0984,7,Dusseldorf,bike,active,0,0.00,0.00,45.86,504.51,0.00,0.742,0.845
COU_7_0985,7,Dusseldorf,bicycle,active,0,0.00,0.00,52.82,633.89,0.00,0.792,0.827
COU_7_0986,7,Dusseldorf,bike,suspended,0,0.00,0.00,65.11,651.11,0.00,0.757,0.783
COU_7_0987,7,Dusseldorf,car,active,0,0.00,0.00,52.43,576.76,0.00,0.778,0.793
COU_7_0988,7,Dusseldorf,bicycle,suspended,0,0.00,0.00,45,675.04,0.00,0.812,0.804
COU_7_0989,7,Dusseldorf,bike,churned,0,0.00,0.00,52.87,793.06,0.00,0.75,0.792
COU_7_0990,7,Dusseldorf,scooter,churned,0,0.00,0.00,43.98,615.66,0.00,0.712,0.738
COU_7_0991,7,Dusseldorf,bicycle,churned,0,0.00,0.00,41.16,617.37,0.00,0.762,0.723
COU_7_0992,7,Dusseldorf,car,inactive,0,0.00,0.00,45.87,733.88,0.00,0.789,0.76
COU_7_0993,7,Dusseldorf,bike,active,0,0.00,0.00,36.33,436.01,0.00,0.8,0.77
COU_7_0994,7,Dusseldorf,scooter,suspended,0,0.00,0.00,44.55,623.7,0.00,0.77,0.764
COU_7_0995,7,Dusseldorf,bicycle,active,0,0.00,0.00,48.65,729.75,0.00,0.762,0.795
COU_7_0996,7,Dusseldorf,scooter,active,0,0.00,0.00,48.95,881.08,0.00,0.761,0.782
COU_7_0998,7,Dusseldorf,bicycle,active,0,0.00,0.00,52.38,785.68,0.00,0.734,0.783
COU_7_0999,7,Dusseldorf,car,inactive,0,0.00,0.00,49.78,696.96,0.00,0.743,0.754
COU_8_0800,8,Dortmund,scooter,suspended,0,0.00,0.00,55.81,837.11,0.00,0.722,0.771
COU_8_0801,8,Dortmund,bike,active,0,0.00,0.00,54.04,864.63,0.00,0.674,0.728
COU_8_0802,8,Dortmund,car,inactive,0,0.00,0.00,62.39,935.82,0.00,0.732,0.777
COU_8_0803,8,Dortmund,bike,churned,0,0.00,0.00,58.26,1048.73,0.00,0.755,0.814
COU_8_0804,8,Dortmund,scooter,active,0,0.00,0.00,49.01,833.21,0.00,0.732,0.806
COU_8_0805,8,Dortmund,car,inactive,0,0.00,0.00,55.95,783.32,0.00,0.788,0.839
COU_8_0806,8,Dortmund,bike,active,0,0.00,0.00,69.57,695.67,0.00,0.776,0.734
COU_8_0807,8,Dortmund,car,churned,0,0.00,0.00,56.02,728.24,0.00,0.723,0.778
COU_8_0808,8,Dortmund,car,suspended,0,0.00,0.00,61.65,863.13,0.00,0.752,0.774
COU_8_0809,8,Dortmund,bicycle,suspended,0,0.00,0.00,61.82,927.31,0.00,0.795,0.782
COU_8_0810,8,Dortmund,car,inactive,0,0.00,0.00,43.81,700.91,0.00,0.783,0.776
COU_8_0811,8,Dortmund,car,suspended,0,0.00,0.00,54.98,769.75,0.00,0.711,0.792
COU_8_0812,8,Dortmund,bike,active,0,0.00,0.00,50.74,710.3,0.00,0.767,0.798
COU_8_0813,8,Dortmund,bicycle,suspended,0,0.00,0.00,42.48,552.27,0.00,0.76,0.796
COU_8_0814,8,Dortmund,bike,inactive,0,0.00,0.00,48.37,628.76,0.00,0.712,0.76
COU_8_0815,8,Dortmund,car,suspended,0,0.00,0.00,51.43,977.17,0.00,0.739,0.785
COU_8_0816,8,Dortmund,bike,active,0,0.00,0.00,40.18,441.99,0.00,0.789,0.757
COU_8_0817,8,Dortmund,car,active,0,0.00,0.00,52.07,572.75,0.00,0.767,0.768
COU_8_0818,8,Dortmund,bike,inactive,0,0.00,0.00,44.4,621.65,0.00,0.77,0.829
COU_8_0819,8,Dortmund,bicycle,active,0,0.00,0.00,42.96,773.31,0.00,0.771,0.782
COU_8_0820,8,Dortmund,bike,churned,0,0.00,0.00,58.08,638.93,0.00,0.708,0.774
COU_8_0821,8,Dortmund,scooter,active,0,0.00,0.00,48.99,734.84,0.00,0.712,0.76
COU_8_0822,8,Dortmund,car,churned,0,0.00,0.00,54.56,654.74,0.00,0.749,0.817
COU_8_0823,8,Dortmund,bike,churned,0,0.00,0.00,56.94,797.09,0.00,0.708,0.747
COU_8_0824,8,Dortmund,bicycle,suspended,0,0.00,0.00,45.71,411.38,0.00,0.726,0.73
COU_8_0825,8,Dortmund,scooter,suspended,0,0.00,0.00,57.4,803.59,0.00,0.812,0.763
COU_8_0826,8,Dortmund,bike,churned,0,0.00,0.00,57.52,460.19,0.00,0.77,0.799
COU_8_0827,8,Dortmund,scooter,churned,0,0.00,0.00,48.27,579.28,0.00,0.71,0.733
COU_8_0828,8,Dortmund,bicycle,active,0,0.00,0.00,56.05,840.81,0.00,0.718,0.816
COU_8_0829,8,Dortmund,bicycle,inactive,0,0.00,0.00,50.1,601.18,0.00,0.744,0.758
COU_8_0830,8,Dortmund,bike,inactive,0,0.00,0.00,57.38,975.52,0.00,0.755,0.793
COU_8_0831,8,Dortmund,scooter,active,0,0.00,0.00,52.84,845.5,0.00,0.759,0.806
COU_8_0832,8,Dortmund,bike,inactive,0,0.00,0.00,61.47,1106.55,0.00,0.78,0.784
COU_8_0833,8,Dortmund,bike,active,0,0.00,0.00,49.12,491.2,0.00,0.756,0.741
COU_8_0834,8,Dortmund,bike,inactive,0,0.00,0.00,54.2,541.98,0.00,0.742,0.759
COU_8_0835,8,Dortmund,bike,churned,0,0.00,0.00,47.43,664.03,0.00,0.762,0.772
COU_8_0836,8,Dortmund,bicycle,churned,0,0.00,0.00,60.14,721.72,0.00,0.767,0.768
COU_8_0837,8,Dortmund,bike,churned,0,0.00,0.00,50.55,707.67,0.00,0.754,0.806
COU_8_0838,8,Dortmund,bike,inactive,0,0.00,0.00,54.01,918.14,0.00,0.771,0.765
COU_8_0839,8,Dortmund,car,suspended,0,0.00,0.00,58.33,641.64,0.00,0.74,0.74
COU_8_0840,8,Dortmund,car,active,0,0.00,0.00,56.8,624.84,0.00,0.807,0.819
COU_8_0841,8,Dortmund,bike,active,0,0.00,0.00,50.5,757.45,0.00,0.805,0.796
COU_8_0842,8,Dortmund,scooter,churned,0,0.00,0.00,46.26,693.86,0.00,0.794,0.767
COU_8_0843,8,Dortmund,bike,churned,0,0.00,0.00,53.11,531.1,0.00,0.782,0.87
COU_8_0844,8,Dortmund,bike,churned,0,0.00,0.00,50.5,757.51,0.00,0.741,0.771
COU_8_0845,8,Dortmund,bike,inactive,0,0.00,0.00,47.92,622.99,0.00,0.737,0.826
COU_8_0846,8,Dortmund,car,churned,0,0.00,0.00,53.17,744.33,0.00,0.776,0.8
COU_8_0847,8,Dortmund,bike,active,0,0.00,0.00,47.47,664.52,0.00,0.842,0.754
COU_8_0848,8,Dortmund,bicycle,active,0,0.00,0.00,49.83,597.91,0.00,0.758,0.789
COU_8_0849,8,Dortmund,bicycle,inactive,0,0.00,0.00,51.71,723.88,0.00,0.761,0.766
COU_8_0850,8,Dortmund,bicycle,active,0,0.00,0.00,47.2,613.57,0.00,0.734,0.744
COU_8_0851,8,Dortmund,bike,inactive,0,0.00,0.00,52.67,790.08,0.00,0.762,0.756
COU_8_0852,8,Dortmund,bike,inactive,0,0.00,0.00,40.27,604.09,0.00,0.755,0.719
COU_8_0853,8,Dortmund,car,churned,0,0.00,0.00,53.99,755.85,0.00,0.762,0.733
COU_8_0854,8,Dortmund,bicycle,churned,0,0.00,0.00,54.4,598.35,0.00,0.762,0.774
COU_8_0855,8,Dortmund,car,suspended,0,0.00,0.00,50.13,751.95,0.00,0.767,0.808
COU_8_0856,8,Dortmund,bicycle,suspended,0,0.00,0.00,48.4,580.82,0.00,0.768,0.764
COU_8_0857,8,Dortmund,bicycle,suspended,0,0.00,0.00,43.95,483.4,0.00,0.79,0.767
COU_8_0858,8,Dortmund,bicycle,churned,0,0.00,0.00,54.72,766.02,0.00,0.768,0.816
COU_8_0859,8,Dortmund,bicycle,suspended,0,0.00,0.00,56.53,960.99,0.00,0.749,0.785
COU_8_0860,8,Dortmund,scooter,inactive,0,0.00,0.00,57.53,690.34,0.00,0.757,0.778
COU_8_0861,8,Dortmund,scooter,suspended,0,0.00,0.00,54.29,597.21,0.00,0.754,0.795
COU_8_0862,8,Dortmund,scooter,inactive,0,0.00,0.00,46.64,792.85,0.00,0.772,0.788
COU_8_0863,8,Dortmund,car,churned,0,0.00,0.00,62.39,1060.69,0.00,0.737,0.763
COU_8_0864,8,Dortmund,scooter,suspended,0,0.00,0.00,58.49,877.29,0.00,0.768,0.788
COU_8_0865,8,Dortmund,scooter,churned,0,0.00,0.00,54.92,823.76,0.00,0.712,0.769
COU_8_0866,8,Dortmund,car,churned,0,0.00,0.00,42.52,425.24,0.00,0.784,0.784
COU_8_0867,8,Dortmund,bicycle,churned,0,0.00,0.00,52.88,581.68,0.00,0.747,0.809
COU_8_0868,8,Dortmund,bicycle,active,0,0.00,0.00,59.09,886.34,0.00,0.772,0.814
COU_8_0869,8,Dortmund,bicycle,active,0,0.00,0.00,65.44,719.87,0.00,0.696,0.812
COU_8_0870,8,Dortmund,bicycle,churned,0,0.00,0.00,46.59,605.65,0.00,0.771,0.816
COU_8_0871,8,Dortmund,car,inactive,0,0.00,0.00,44.08,484.85,0.00,0.806,0.762
COU_8_0872,8,Dortmund,bicycle,active,0,0.00,0.00,62.88,1006.1,0.00,0.738,0.757
COU_8_0873,8,Dortmund,scooter,inactive,0,0.00,0.00,54.08,648.98,0.00,0.724,0.746
COU_8_0874,8,Dortmund,scooter,active,0,0.00,0.00,46.66,653.21,0.00,0.764,0.728
COU_8_0875,8,Dortmund,bicycle,active,0,0.00,0.00,42.52,467.69,0.00,0.737,0.814
COU_8_0876,8,Dortmund,scooter,inactive,0,0.00,0.00,46.97,610.56,0.00,0.768,0.794
COU_8_0877,8,Dortmund,car,suspended,0,0.00,0.00,58.06,754.82,0.00,0.776,0.743
COU_8_0878,8,Dortmund,bicycle,churned,0,0.00,0.00,57.9,694.78,0.00,0.72,0.852
COU_8_0879,8,Dortmund,car,churned,0,0.00,0.00,49.81,647.54,0.00,0.744,0.773
COU_8_0880,8,Dortmund,bicycle,suspended,0,0.00,0.00,60.07,841.03,0.00,0.804,0.775
COU_8_0881,8,Dortmund,bike,active,0,0.00,0.00,53.87,861.84,0.00,0.746,0.757
COU_8_0882,8,Dortmund,bicycle,inactive,0,0.00,0.00,64.56,1097.53,0.00,0.767,0.777
COU_8_0883,8,Dortmund,bike,active,0,0.00,0.00,65.18,977.63,0.00,0.757,0.802
COU_8_0884,8,Dortmund,scooter,suspended,0,0.00,0.00,53.09,796.28,0.00,0.721,0.735
COU_8_0885,8,Dortmund,bike,active,0,0.00,0.00,61.7,863.73,0.00,0.735,0.771
COU_8_0886,8,Dortmund,bike,inactive,0,0.00,0.00,51.96,883.29,0.00,0.729,0.799
COU_8_0887,8,Dortmund,car,suspended,0,0.00,0.00,62.72,752.61,0.00,0.813,0.783
COU_8_0888,8,Dortmund,bicycle,suspended,0,0.00,0.00,51.68,775.13,0.00,0.713,0.758
COU_8_0889,8,Dortmund,bicycle,churned,0,0.00,0.00,60.23,1144.44,0.00,0.763,0.758
COU_8_0890,8,Dortmund,bike,inactive,0,0.00,0.00,48.85,732.76,0.00,0.723,0.788
COU_8_0891,8,Dortmund,bike,suspended,0,0.00,0.00,55.6,722.85,0.00,0.777,0.768
COU_8_0892,8,Dortmund,scooter,churned,0,0.00,0.00,50.44,857.47,0.00,0.696,0.768
COU_8_0893,8,Dortmund,scooter,suspended,0,0.00,0.00,48.62,680.65,0.00,0.768,0.756
COU_8_0894,8,Dortmund,bicycle,inactive,0,0.00,0.00,61.1,733.21,0.00,0.794,0.782
COU_8_0895,8,Dortmund,car,inactive,0,0.00,0.00,48.54,825.18,0.00,0.75,0.733
COU_8_0896,8,Dortmund,car,churned,0,0.00,0.00,46.21,600.69,0.00,0.773,0.801
COU_8_0897,8,Dortmund,bike,inactive,0,0.00,0.00,57.9,752.71,0.00,0.77,0.756
COU_8_0898,8,Dortmund,scooter,churned,0,0.00,0.00,45.14,677.09,0.00,0.766,0.813
COU_8_0899,8,Dortmund,scooter,churned,0,0.00,0.00,56.88,967.01,0.00,0.736,0.77
COU_8_0900,8,Dortmund,bike,active,0,0.00,0.00,69.13,898.67,0.00,0.762,0.74
COU_8_0901,8,Dortmund,car,churned,0,0.00,0.00,57.55,978.35,0.00,0.765,0.786
COU_8_0902,8,Dortmund,bicycle,active,0,0.00,0.00,63.16,694.73,0.00,0.734,0.735
COU_8_0903,8,Dortmund,scooter,churned,0,0.00,0.00,54.04,756.59,0.00,0.707,0.744
COU_8_0904,8,Dortmund,bicycle,active,0,0.00,0.00,50.26,753.95,0.00,0.7,0.815
COU_8_0905,8,Dortmund,bicycle,churned,0,0.00,0.00,61.48,983.68,0.00,0.736,0.746
COU_8_0906,8,Dortmund,bike,inactive,0,0.00,0.00,41.03,697.45,0.00,0.773,0.808
COU_8_0907,8,Dortmund,bicycle,active,0,0.00,0.00,58.84,706.07,0.00,0.776,0.73
COU_8_0908,8,Dortmund,car,suspended,0,0.00,0.00,51.54,618.51,0.00,0.699,0.806
COU_8_0909,8,Dortmund,car,suspended,0,0.00,0.00,54.86,548.6,0.00,0.763,0.791
COU_8_0910,8,Dortmund,bicycle,churned,0,0.00,0.00,47.66,762.51,0.00,0.688,0.804
COU_8_0911,8,Dortmund,scooter,churned,0,0.00,0.00,54,540.01,0.00,0.765,0.847
COU_8_0912,8,Dortmund,bike,churned,0,0.00,0.00,65.07,780.85,0.00,0.785,0.787
COU_8_0913,8,Dortmund,car,churned,0,0.00,0.00,45.24,814.31,0.00,0.798,0.76
COU_8_0914,8,Dortmund,bike,inactive,0,0.00,0.00,41.92,544.92,0.00,0.771,0.769
COU_8_0915,8,Dortmund,car,churned,0,0.00,0.00,54.81,767.29,0.00,0.741,0.773
COU_8_0916,8,Dortmund,car,active,0,0.00,0.00,56.57,735.45,0.00,0.741,0.804
COU_8_0917,8,Dortmund,car,churned,0,0.00,0.00,45.16,767.65,0.00,0.751,0.776
COU_8_0918,8,Dortmund,bicycle,inactive,0,0.00,0.00,58.29,816.11,0.00,0.789,0.801
COU_8_0919,8,Dortmund,car,suspended,0,0.00,0.00,57.72,808.06,0.00,0.738,0.744
COU_8_0920,8,Dortmund,bike,churned,0,0.00,0.00,41.72,542.4,0.00,0.749,0.741
COU_8_0921,8,Dortmund,bike,inactive,0,0.00,0.00,58.21,698.47,0.00,0.684,0.787
COU_8_0922,8,Dortmund,bike,active,0,0.00,0.00,57.18,914.83,0.00,0.735,0.785
COU_8_0923,8,Dortmund,scooter,inactive,0,0.00,0.00,53.27,692.49,0.00,0.77,0.757
COU_8_0924,8,Dortmund,bicycle,suspended,0,0.00,0.00,49.19,787.04,0.00,0.772,0.775
COU_8_0925,8,Dortmund,scooter,churned,0,0.00,0.00,52.73,896.42,0.00,0.739,0.776
COU_8_0926,8,Dortmund,bicycle,suspended,0,0.00,0.00,47.8,430.16,0.00,0.725,0.754
COU_8_0927,8,Dortmund,bike,suspended,0,0.00,0.00,53.24,585.63,0.00,0.759,0.733
COU_8_0928,8,Dortmund,bike,active,0,0.00,0.00,54.52,654.22,0.00,0.686,0.814
COU_8_0929,8,Dortmund,bicycle,suspended,0,0.00,0.00,49.9,798.33,0.00,0.749,0.808
COU_8_0930,8,Dortmund,bike,suspended,0,0.00,0.00,56.26,787.6,0.00,0.724,0.795
COU_8_0931,8,Dortmund,bike,churned,0,0.00,0.00,53.31,693,0.00,0.748,0.772
COU_8_0932,8,Dortmund,bicycle,inactive,0,0.00,0.00,51.34,718.74,0.00,0.785,0.788
COU_8_0933,8,Dortmund,bicycle,inactive,0,0.00,0.00,54.04,918.62,0.00,0.735,0.722
COU_8_0934,8,Dortmund,bicycle,active,0,0.00,0.00,52.19,782.86,0.00,0.742,0.778
COU_8_0935,8,Dortmund,car,suspended,0,0.00,0.00,46.57,512.26,0.00,0.719,0.808
COU_8_0936,8,Dortmund,bike,inactive,0,0.00,0.00,68.53,890.86,0.00,0.752,0.809
COU_8_0937,8,Dortmund,bike,suspended,0,0.00,0.00,46.62,745.98,0.00,0.742,0.775
COU_8_0938,8,Dortmund,bicycle,active,0,0.00,0.00,53.64,858.23,0.00,0.766,0.794
COU_8_0939,8,Dortmund,car,inactive,0,0.00,0.00,56.93,967.88,0.00,0.803,0.743
COU_8_0940,8,Dortmund,car,active,0,0.00,0.00,54.43,925.32,0.00,0.732,0.799
COU_8_0941,8,Dortmund,bicycle,active,0,0.00,0.00,43.91,439.05,0.00,0.714,0.784
COU_8_0942,8,Dortmund,bicycle,inactive,0,0.00,0.00,40.12,441.28,0.00,0.724,0.78
COU_8_0943,8,Dortmund,bike,churned,0,0.00,0.00,41.21,453.28,0.00,0.725,0.806
COU_8_0944,8,Dortmund,car,churned,0,0.00,0.00,49.26,738.89,0.00,0.737,0.745
COU_8_0945,8,Dortmund,bike,active,0,0.00,0.00,53.99,809.89,0.00,0.744,0.771
COU_8_0946,8,Dortmund,bicycle,active,0,0.00,0.00,45.6,592.8,0.00,0.68,0.72
COU_8_0947,8,Dortmund,bike,inactive,0,0.00,0.00,59.01,826.14,0.00,0.757,0.775
COU_8_0948,8,Dortmund,scooter,churned,0,0.00,0.00,43.81,525.7,0.00,0.681,0.784
COU_8_0949,8,Dortmund,bike,churned,0,0.00,0.00,61.21,734.5,0.00,0.749,0.724
COU_8_0950,8,Dortmund,car,suspended,0,0.00,0.00,48.18,674.52,0.00,0.786,0.761
COU_8_0951,8,Dortmund,bicycle,active,0,0.00,0.00,44.54,668.05,0.00,0.71,0.787
COU_8_0952,8,Dortmund,bicycle,churned,0,0.00,0.00,41.43,538.61,0.00,0.759,0.811
COU_8_0953,8,Dortmund,scooter,suspended,0,0.00,0.00,49.28,640.7,0.00,0.784,0.777
COU_8_0954,8,Dortmund,scooter,suspended,0,0.00,0.00,39,623.98,0.00,0.76,0.747
COU_8_0955,8,Dortmund,bicycle,churned,0,0.00,0.00,46.87,515.6,0.00,0.748,0.811
COU_8_0956,8,Dortmund,car,churned,0,0.00,0.00,58.73,939.61,0.00,0.692,0.768
COU_8_0957,8,Dortmund,scooter,inactive,0,0.00,0.00,43.39,650.84,0.00,0.767,0.783
COU_8_0958,8,Dortmund,bike,suspended,0,0.00,0.00,41.85,460.33,0.00,0.72,0.69
COU_8_0959,8,Dortmund,bike,churned,0,0.00,0.00,56.62,792.66,0.00,0.694,0.739
COU_8_0960,8,Dortmund,car,active,0,0.00,0.00,51.5,566.51,0.00,0.703,0.779
COU_8_0961,8,Dortmund,bicycle,churned,0,0.00,0.00,61.96,929.38,0.00,0.807,0.793
COU_8_0962,8,Dortmund,bicycle,active,0,0.00,0.00,52.46,891.84,0.00,0.72,0.803
COU_8_0963,8,Dortmund,scooter,active,0,0.00,0.00,40.85,653.59,0.00,0.706,0.794
COU_8_0964,8,Dortmund,bicycle,active,0,0.00,0.00,58.88,1059.8,0.00,0.774,0.758
COU_8_0965,8,Dortmund,scooter,suspended,0,0.00,0.00,61.38,797.94,0.00,0.76,0.743
COU_8_0966,8,Dortmund,scooter,suspended,0,0.00,0.00,48.41,532.47,0.00,0.736,0.749
COU_8_0967,8,Dortmund,bicycle,suspended,0,0.00,0.00,59.03,767.34,0.00,0.775,0.76
COU_8_0968,8,Dortmund,bike,churned,0,0.00,0.00,50.07,500.7,0.00,0.765,0.837
COU_8_0969,8,Dortmund,car,inactive,0,0.00,0.00,52.51,735.17,0.00,0.732,0.741
COU_8_0970,8,Dortmund,car,churned,0,0.00,0.00,49.46,791.35,0.00,0.774,0.716
COU_8_0971,8,Dortmund,bicycle,churned,0,0.00,0.00,42.73,640.97,0.00,0.775,0.741
COU_8_0972,8,Dortmund,bicycle,churned,0,0.00,0.00,43.92,702.66,0.00,0.775,0.759
COU_8_0973,8,Dortmund,car,churned,0,0.00,0.00,47.56,713.4,0.00,0.735,0.77
COU_8_0974,8,Dortmund,car,churned,0,0.00,0.00,67.82,745.98,0.00,0.74,0.761
COU_8_0975,8,Dortmund,scooter,inactive,0,0.00,0.00,39.67,436.4,0.00,0.698,0.791
COU_8_0976,8,Dortmund,bike,churned,0,0.00,0.00,51.76,724.61,0.00,0.734,0.761
COU_8_0977,8,Dortmund,scooter,churned,0,0.00,0.00,49.11,687.55,0.00,0.751,0.793
COU_8_0978,8,Dortmund,bike,churned,0,0.00,0.00,55.18,827.63,0.00,0.795,0.776
COU_8_0979,8,Dortmund,car,active,0,0.00,0.00,54.24,705.1,0.00,0.683,0.825
COU_8_0980,8,Dortmund,car,suspended,0,0.00,0.00,52.42,786.28,0.00,0.697,0.759
COU_8_0981,8,Dortmund,scooter,active,0,0.00,0.00,53.66,912.28,0.00,0.761,0.772
COU_8_0982,8,Dortmund,bicycle,suspended,0,0.00,0.00,60.7,910.45,0.00,0.748,0.817
COU_8_0983,8,Dortmund,car,inactive,0,0.00,0.00,53.82,753.51,0.00,0.775,0.77
COU_8_0984,8,Dortmund,bike,inactive,0,0.00,0.00,48.74,633.59,0.00,0.798,0.784
COU_8_0985,8,Dortmund,scooter,inactive,0,0.00,0.00,52.12,833.97,0.00,0.736,0.772
COU_8_0986,8,Dortmund,bike,active,0,0.00,0.00,42.72,640.75,0.00,0.766,0.759
COU_8_0987,8,Dortmund,bicycle,churned,0,0.00,0.00,57.51,690.17,0.00,0.714,0.726
COU_8_0988,8,Dortmund,bicycle,inactive,0,0.00,0.00,53.74,698.63,0.00,0.738,0.821
COU_8_0989,8,Dortmund,car,suspended,0,0.00,0.00,51.61,825.79,0.00,0.758,0.752
COU_8_0990,8,Dortmund,bicycle,churned,0,0.00,0.00,53.48,748.77,0.00,0.746,0.754
COU_8_0991,8,Dortmund,scooter,churned,0,0.00,0.00,54.25,813.69,0.00,0.71,0.716
COU_8_0992,8,Dortmund,car,inactive,0,0.00,0.00,46.74,701.07,0.00,0.757,0.809
COU_8_0993,8,Dortmund,car,inactive,0,0.00,0.00,58.63,996.71,0.00,0.778,0.756
COU_8_0994,8,Dortmund,bike,inactive,0,0.00,0.00,54.03,864.41,0.00,0.775,0.768
COU_8_0995,8,Dortmund,scooter,active,0,0.00,0.00,58.23,815.22,0.00,0.79,0.812
COU_8_0996,8,Dortmund,scooter,active,0,0.00,0.00,61.26,918.88,0.00,0.749,0.78
COU_8_0997,8,Dortmund,car,active,0,0.00,0.00,54.97,769.55,0.00,0.672,0.787
COU_8_0998,8,Dortmund,bicycle,suspended,0,0.00,0.00,47.39,758.17,0.00,0.766,0.727
COU_8_0999,8,Dortmund,car,suspended,0,0.00,0.00,41.7,667.27,0.00,0.739,0.773
COU_9_0800,9,Essen,scooter,active,0,0.00,0.00,63.7,764.4,0.00,0.727,0.767
COU_9_0801,9,Essen,bike,inactive,0,0.00,0.00,38.21,420.31,0.00,0.743,0.762
COU_9_0802,9,Essen,scooter,suspended,0,0.00,0.00,51.88,830.05,0.00,0.755,0.738
COU_9_0803,9,Essen,scooter,active,0,0.00,0.00,46.79,701.84,0.00,0.786,0.782
COU_9_0804,9,Essen,scooter,churned,0,0.00,0.00,52.56,630.74,0.00,0.778,0.801
COU_9_0805,9,Essen,bicycle,churned,0,0.00,0.00,53.38,800.68,0.00,0.732,0.764
COU_9_0806,9,Essen,scooter,inactive,0,0.00,0.00,54.57,709.38,0.00,0.812,0.705
COU_9_0807,9,Essen,bike,active,0,0.00,0.00,50.47,504.69,0.00,0.743,0.742
COU_9_0808,9,Essen,bike,inactive,0,0.00,0.00,53.32,639.84,0.00,0.743,0.72
COU_9_0809,9,Essen,bike,active,0,0.00,0.00,47.74,716.16,0.00,0.77,0.798
COU_9_0810,9,Essen,bike,suspended,0,0.00,0.00,49.66,695.17,0.00,0.825,0.742
COU_9_0811,9,Essen,car,suspended,0,0.00,0.00,68.48,753.27,0.00,0.755,0.751
COU_9_0812,9,Essen,bicycle,inactive,0,0.00,0.00,54.67,492.02,0.00,0.742,0.738
COU_9_0813,9,Essen,car,suspended,0,0.00,0.00,48.72,730.79,0.00,0.729,0.81
COU_9_0814,9,Essen,bicycle,suspended,0,0.00,0.00,58.42,817.86,0.00,0.734,0.752
COU_9_0815,9,Essen,bicycle,active,0,0.00,0.00,50.43,806.92,0.00,0.753,0.758
COU_9_0816,9,Essen,bike,churned,0,0.00,0.00,53.59,696.7,0.00,0.717,0.778
COU_9_0817,9,Essen,scooter,suspended,0,0.00,0.00,43.07,559.92,0.00,0.76,0.754
COU_9_0818,9,Essen,car,active,0,0.00,0.00,55.05,1045.9,0.00,0.775,0.807
COU_9_0819,9,Essen,car,churned,0,0.00,0.00,38.77,465.22,0.00,0.73,0.747
COU_9_0820,9,Essen,car,active,0,0.00,0.00,44.23,663.45,0.00,0.742,0.794
COU_9_0821,9,Essen,car,churned,0,0.00,0.00,58.3,816.14,0.00,0.785,0.729
COU_9_0822,9,Essen,scooter,active,0,0.00,0.00,53.18,638.13,0.00,0.717,0.788
COU_9_0823,9,Essen,bicycle,inactive,0,0.00,0.00,51.21,563.36,0.00,0.714,0.752
COU_9_0824,9,Essen,bike,inactive,0,0.00,0.00,50.03,650.45,0.00,0.707,0.823
COU_9_0825,9,Essen,bicycle,inactive,0,0.00,0.00,41.06,533.84,0.00,0.82,0.81
COU_9_0826,9,Essen,bicycle,suspended,0,0.00,0.00,52.11,833.78,0.00,0.774,0.77
COU_9_0827,9,Essen,bike,active,0,0.00,0.00,49.22,639.81,0.00,0.79,0.796
COU_9_0828,9,Essen,car,suspended,0,0.00,0.00,61.81,927.18,0.00,0.75,0.795
COU_9_0829,9,Essen,bike,churned,0,0.00,0.00,62.56,813.24,0.00,0.83,0.759
COU_9_0830,9,Essen,car,active,0,0.00,0.00,56.36,563.64,0.00,0.736,0.778
COU_9_0831,9,Essen,bike,suspended,0,0.00,0.00,60.8,790.37,0.00,0.818,0.729
COU_9_0832,9,Essen,car,suspended,0,0.00,0.00,48.97,783.49,0.00,0.798,0.745
COU_9_0833,9,Essen,car,inactive,0,0.00,0.00,45.31,498.36,0.00,0.71,0.764
COU_9_0834,9,Essen,bike,active,0,0.00,0.00,57.57,690.88,0.00,0.723,0.795
COU_9_0835,9,Essen,scooter,churned,0,0.00,0.00,54.08,703.1,0.00,0.707,0.811
COU_9_0836,9,Essen,car,active,0,0.00,0.00,53.07,689.9,0.00,0.691,0.758
COU_9_0837,9,Essen,bike,churned,0,0.00,0.00,51.78,880.31,0.00,0.752,0.741
COU_9_0839,9,Essen,bike,churned,0,0.00,0.00,55.83,725.85,0.00,0.708,0.797
COU_9_0840,9,Essen,car,active,0,0.00,0.00,48.71,633.24,0.00,0.727,0.779
COU_9_0841,9,Essen,car,suspended,0,0.00,0.00,35.89,538.32,0.00,0.742,0.764
COU_9_0842,9,Essen,bike,inactive,0,0.00,0.00,59.51,892.61,0.00,0.756,0.741
COU_9_0843,9,Essen,car,churned,0,0.00,0.00,67.13,805.6,0.00,0.739,0.8
COU_9_0844,9,Essen,car,inactive,0,0.00,0.00,46.62,699.26,0.00,0.781,0.752
COU_9_0845,9,Essen,bicycle,inactive,0,0.00,0.00,45.05,720.74,0.00,0.734,0.782
COU_9_0846,9,Essen,bicycle,churned,0,0.00,0.00,49.76,547.38,0.00,0.767,0.747
COU_9_0847,9,Essen,car,active,0,0.00,0.00,56.02,728.27,0.00,0.75,0.786
COU_9_0848,9,Essen,bike,suspended,0,0.00,0.00,43.79,437.9,0.00,0.819,0.797
COU_9_0849,9,Essen,scooter,suspended,0,0.00,0.00,48.75,779.95,0.00,0.808,0.724
COU_9_0850,9,Essen,scooter,inactive,0,0.00,0.00,56.18,898.96,0.00,0.77,0.798
COU_9_0851,9,Essen,car,inactive,0,0.00,0.00,50.94,509.43,0.00,0.716,0.806
COU_9_0852,9,Essen,car,churned,0,0.00,0.00,53.13,903.16,0.00,0.696,0.737
COU_9_0853,9,Essen,bicycle,active,0,0.00,0.00,67.14,805.69,0.00,0.744,0.82
COU_9_0854,9,Essen,bike,churned,0,0.00,0.00,46.71,747.32,0.00,0.757,0.73
COU_9_0855,9,Essen,scooter,churned,0,0.00,0.00,43.17,647.57,0.00,0.774,0.764
COU_9_0856,9,Essen,scooter,active,0,0.00,0.00,54.22,704.81,0.00,0.749,0.731
COU_9_0857,9,Essen,bike,inactive,0,0.00,0.00,50.49,757.34,0.00,0.744,0.764
COU_9_0858,9,Essen,scooter,churned,0,0.00,0.00,58.29,874.42,0.00,0.783,0.786
COU_9_0859,9,Essen,car,active,0,0.00,0.00,46.45,650.34,0.00,0.807,0.77
COU_9_0860,9,Essen,car,inactive,0,0.00,0.00,50.67,861.33,0.00,0.778,0.749
COU_9_0861,9,Essen,car,suspended,0,0.00,0.00,53.52,802.85,0.00,0.747,0.763
COU_9_0862,9,Essen,car,churned,0,0.00,0.00,54.08,648.94,0.00,0.739,0.83
COU_9_0863,9,Essen,car,active,0,0.00,0.00,60.9,730.86,0.00,0.691,0.775
COU_9_0864,9,Essen,car,inactive,0,0.00,0.00,58.42,701.01,0.00,0.752,0.776
COU_9_0865,9,Essen,scooter,inactive,0,0.00,0.00,54.91,933.49,0.00,0.709,0.811
COU_9_0866,9,Essen,scooter,inactive,0,0.00,0.00,60.88,1095.77,0.00,0.744,0.764
COU_9_0867,9,Essen,bike,inactive,0,0.00,0.00,61.31,796.97,0.00,0.737,0.758
COU_9_0868,9,Essen,scooter,inactive,0,0.00,0.00,47.71,620.22,0.00,0.782,0.769
COU_9_0869,9,Essen,scooter,inactive,0,0.00,0.00,44.42,488.63,0.00,0.714,0.772
COU_9_0870,9,Essen,scooter,suspended,0,0.00,0.00,47.39,521.25,0.00,0.775,0.775
COU_9_0871,9,Essen,bicycle,inactive,0,0.00,0.00,54.39,979.08,0.00,0.762,0.76
COU_9_0872,9,Essen,bike,inactive,0,0.00,0.00,46.7,653.82,0.00,0.777,0.815
COU_9_0873,9,Essen,bicycle,inactive,0,0.00,0.00,49.17,786.77,0.00,0.735,0.778
COU_9_0874,9,Essen,car,churned,0,0.00,0.00,62.73,1129.22,0.00,0.755,0.764
COU_9_0875,9,Essen,car,active,0,0.00,0.00,59.52,833.33,0.00,0.761,0.792
COU_9_0876,9,Essen,bike,inactive,0,0.00,0.00,54.45,598.94,0.00,0.734,0.791
COU_9_0877,9,Essen,bike,inactive,0,0.00,0.00,59.2,947.28,0.00,0.731,0.78
COU_9_0879,9,Essen,scooter,suspended,0,0.00,0.00,45.04,720.56,0.00,0.781,0.798
COU_9_0880,9,Essen,bike,suspended,0,0.00,0.00,51.85,881.42,0.00,0.756,0.78
COU_9_0881,9,Essen,bike,churned,0,0.00,0.00,51.59,1031.73,0.00,0.738,0.768
COU_9_0882,9,Essen,bike,suspended,0,0.00,0.00,55.07,936.12,0.00,0.779,0.782
COU_9_0883,9,Essen,car,suspended,0,0.00,0.00,51.69,930.51,0.00,0.77,0.801
COU_9_0884,9,Essen,scooter,active,0,0.00,0.00,56.67,963.41,0.00,0.764,0.826
COU_9_0885,9,Essen,car,suspended,0,0.00,0.00,53.06,848.98,0.00,0.739,0.77
COU_9_0886,9,Essen,car,suspended,0,0.00,0.00,41.03,697.58,0.00,0.735,0.719
COU_9_0887,9,Essen,bike,suspended,0,0.00,0.00,52.27,731.76,0.00,0.794,0.744
COU_9_0888,9,Essen,bike,active,0,0.00,0.00,45.2,497.17,0.00,0.729,0.787
COU_9_0889,9,Essen,bicycle,active,0,0.00,0.00,56.09,785.26,0.00,0.735,0.786
COU_9_0890,9,Essen,car,active,0,0.00,0.00,49.04,735.57,0.00,0.776,0.76
COU_9_0891,9,Essen,bicycle,inactive,0,0.00,0.00,58.44,935.04,0.00,0.714,0.744
COU_9_0892,9,Essen,scooter,churned,0,0.00,0.00,59.9,658.89,0.00,0.779,0.825
COU_9_0893,9,Essen,car,active,0,0.00,0.00,52.64,842.26,0.00,0.702,0.741
COU_9_0894,9,Essen,car,suspended,0,0.00,0.00,48.03,720.48,0.00,0.729,0.777
COU_9_0895,9,Essen,scooter,active,0,0.00,0.00,55.73,836,0.00,0.708,0.801
COU_9_0896,9,Essen,bike,churned,0,0.00,0.00,48.38,774.04,0.00,0.743,0.764
COU_9_0897,9,Essen,car,churned,0,0.00,0.00,52.93,740.97,0.00,0.764,0.848
COU_9_0898,9,Essen,car,inactive,0,0.00,0.00,50.24,653.12,0.00,0.777,0.785
COU_9_0899,9,Essen,scooter,inactive,0,0.00,0.00,44.43,755.34,0.00,0.735,0.808
COU_9_0900,9,Essen,bicycle,active,0,0.00,0.00,46.5,697.49,0.00,0.766,0.795
COU_9_0901,9,Essen,scooter,suspended,0,0.00,0.00,49.01,735.2,0.00,0.693,0.777
COU_9_0902,9,Essen,scooter,suspended,0,0.00,0.00,54.92,878.68,0.00,0.73,0.815
COU_9_0904,9,Essen,scooter,inactive,0,0.00,0.00,57.76,750.91,0.00,0.717,0.76
COU_9_0905,9,Essen,bicycle,active,0,0.00,0.00,50.83,711.68,0.00,0.726,0.772
COU_9_0906,9,Essen,scooter,suspended,0,0.00,0.00,38.07,532.96,0.00,0.779,0.798
COU_9_0907,9,Essen,bike,churned,0,0.00,0.00,47.61,714.21,0.00,0.779,0.817
COU_9_0909,9,Essen,bicycle,inactive,0,0.00,0.00,54.56,872.98,0.00,0.741,0.751
COU_9_0910,9,Essen,bike,churned,0,0.00,0.00,39.88,518.41,0.00,0.754,0.753
COU_9_0911,9,Essen,bike,churned,0,0.00,0.00,50.08,751.16,0.00,0.753,0.805
COU_9_0912,9,Essen,bike,churned,0,0.00,0.00,52.61,894.32,0.00,0.76,0.754
COU_9_0913,9,Essen,bike,active,0,0.00,0.00,53.63,643.55,0.00,0.745,0.774
COU_9_0914,9,Essen,car,active,0,0.00,0.00,46.5,511.48,0.00,0.818,0.809
COU_9_0915,9,Essen,scooter,suspended,0,0.00,0.00,61.43,737.18,0.00,0.785,0.796
COU_9_0916,9,Essen,bicycle,active,0,0.00,0.00,48.86,635.17,0.00,0.706,0.757
COU_9_0917,9,Essen,scooter,inactive,0,0.00,0.00,60.32,844.45,0.00,0.8,0.803
COU_9_0918,9,Essen,car,suspended,0,0.00,0.00,58.33,699.91,0.00,0.701,0.766
COU_9_0919,9,Essen,scooter,churned,0,0.00,0.00,44.37,754.33,0.00,0.724,0.744
COU_9_0920,9,Essen,scooter,inactive,0,0.00,0.00,52.62,684.01,0.00,0.776,0.792
COU_9_0921,9,Essen,scooter,inactive,0,0.00,0.00,59.64,775.33,0.00,0.763,0.796
COU_9_0922,9,Essen,bike,suspended,0,0.00,0.00,51.05,867.86,0.00,0.732,0.742
COU_9_0923,9,Essen,bicycle,inactive,0,0.00,0.00,46.28,601.67,0.00,0.805,0.764
COU_9_0924,9,Essen,scooter,churned,0,0.00,0.00,48.01,624.09,0.00,0.72,0.764
COU_9_0925,9,Essen,car,churned,0,0.00,0.00,47.33,757.27,0.00,0.799,0.819
COU_9_0926,9,Essen,scooter,churned,0,0.00,0.00,45.17,677.56,0.00,0.763,0.792
COU_9_0927,9,Essen,bike,suspended,0,0.00,0.00,45.06,720.91,0.00,0.727,0.757
COU_9_0928,9,Essen,bike,active,0,0.00,0.00,43.94,527.32,0.00,0.775,0.793
COU_9_0929,9,Essen,bicycle,suspended,0,0.00,0.00,54.57,873.17,0.00,0.77,0.761
COU_9_0930,9,Essen,bike,inactive,0,0.00,0.00,45.76,594.91,0.00,0.773,0.752
COU_9_0931,9,Essen,scooter,active,0,0.00,0.00,49.95,849.16,0.00,0.77,0.774
COU_9_0932,9,Essen,scooter,inactive,0,0.00,0.00,46.16,553.9,0.00,0.781,0.757
COU_9_0933,9,Essen,car,churned,0,0.00,0.00,49.93,798.8,0.00,0.771,0.723
COU_9_0934,9,Essen,car,suspended,0,0.00,0.00,52.17,939.06,0.00,0.757,0.767
COU_9_0935,9,Essen,car,suspended,0,0.00,0.00,59,944.01,0.00,0.726,0.795
COU_9_0936,9,Essen,scooter,suspended,0,0.00,0.00,51.43,822.84,0.00,0.748,0.765
COU_9_0937,9,Essen,bike,churned,0,0.00,0.00,61.04,610.39,0.00,0.812,0.739
COU_9_0938,9,Essen,car,suspended,0,0.00,0.00,51.59,567.5,0.00,0.752,0.753
COU_9_0939,9,Essen,car,churned,0,0.00,0.00,45.26,633.66,0.00,0.738,0.783
COU_9_0940,9,Essen,scooter,active,0,0.00,0.00,49.78,647.11,0.00,0.745,0.773
COU_9_0941,9,Essen,scooter,suspended,0,0.00,0.00,55.92,894.76,0.00,0.709,0.792
COU_9_0942,9,Essen,bike,suspended,0,0.00,0.00,45.75,594.73,0.00,0.788,0.781
COU_9_0943,9,Essen,bike,suspended,0,0.00,0.00,43.2,648,0.00,0.768,0.779
COU_9_0944,9,Essen,scooter,suspended,0,0.00,0.00,56.15,842.28,0.00,0.771,0.792
COU_9_0945,9,Essen,bicycle,inactive,0,0.00,0.00,49.83,697.63,0.00,0.713,0.789
COU_9_0946,9,Essen,scooter,inactive,0,0.00,0.00,44.18,706.8,0.00,0.715,0.771
COU_9_0947,9,Essen,scooter,churned,0,0.00,0.00,55.37,609.11,0.00,0.761,0.768
COU_9_0948,9,Essen,bicycle,churned,0,0.00,0.00,55.25,718.28,0.00,0.79,0.748
COU_9_0949,9,Essen,scooter,inactive,0,0.00,0.00,55.91,894.48,0.00,0.747,0.764
COU_9_0950,9,Essen,car,active,0,0.00,0.00,49.75,845.7,0.00,0.716,0.79
COU_9_0951,9,Essen,bicycle,inactive,0,0.00,0.00,47.01,799.1,0.00,0.745,0.741
COU_9_0952,9,Essen,scooter,active,0,0.00,0.00,58.47,818.55,0.00,0.701,0.77
COU_9_0953,9,Essen,bike,active,0,0.00,0.00,51.37,924.71,0.00,0.772,0.766
COU_9_0954,9,Essen,scooter,churned,0,0.00,0.00,52.08,624.96,0.00,0.778,0.79
COU_9_0955,9,Essen,car,suspended,0,0.00,0.00,46.86,702.94,0.00,0.748,0.734
COU_9_0956,9,Essen,bike,churned,0,0.00,0.00,43.05,602.76,0.00,0.718,0.76
COU_9_0957,9,Essen,bicycle,suspended,0,0.00,0.00,50.25,703.52,0.00,0.781,0.765
COU_9_0958,9,Essen,scooter,churned,0,0.00,0.00,52.85,634.22,0.00,0.764,0.736
COU_9_0959,9,Essen,bike,active,0,0.00,0.00,50.58,708.13,0.00,0.7,0.778
COU_9_0960,9,Essen,bicycle,active,0,0.00,0.00,49.99,649.84,0.00,0.808,0.801
COU_9_0961,9,Essen,bike,inactive,0,0.00,0.00,55.47,1053.92,0.00,0.816,0.826
COU_9_0962,9,Essen,bike,suspended,0,0.00,0.00,50.41,655.34,0.00,0.774,0.805
COU_9_0963,9,Essen,scooter,suspended,0,0.00,0.00,57.02,798.29,0.00,0.713,0.79
COU_9_0964,9,Essen,scooter,inactive,0,0.00,0.00,58,638.04,0.00,0.771,0.864
COU_9_0965,9,Essen,car,suspended,0,0.00,0.00,60.75,729.05,0.00,0.713,0.734
COU_9_0966,9,Essen,car,inactive,0,0.00,0.00,53.08,796.19,0.00,0.756,0.791
COU_9_0967,9,Essen,car,inactive,0,0.00,0.00,48.13,914.41,0.00,0.712,0.75
COU_9_0968,9,Essen,bicycle,inactive,0,0.00,0.00,47.18,471.84,0.00,0.719,0.72
COU_9_0970,9,Essen,bicycle,inactive,0,0.00,0.00,54.96,824.33,0.00,0.747,0.736
COU_9_0971,9,Essen,scooter,suspended,0,0.00,0.00,46.34,648.73,0.00,0.729,0.794
COU_9_0972,9,Essen,car,active,0,0.00,0.00,58.95,648.49,0.00,0.757,0.788
COU_9_0973,9,Essen,bike,inactive,0,0.00,0.00,65.08,650.78,0.00,0.784,0.832
COU_9_0974,9,Essen,bicycle,suspended,0,0.00,0.00,51.99,571.86,0.00,0.738,0.791
COU_9_0975,9,Essen,car,active,0,0.00,0.00,57.16,628.77,0.00,0.767,0.766
COU_9_0976,9,Essen,scooter,churned,0,0.00,0.00,51.98,779.72,0.00,0.73,0.8
COU_9_0977,9,Essen,bike,churned,0,0.00,0.00,51.01,816.11,0.00,0.736,0.767
COU_9_0978,9,Essen,bike,suspended,0,0.00,0.00,53.33,639.95,0.00,0.755,0.785
COU_9_0979,9,Essen,scooter,active,0,0.00,0.00,49.2,737.96,0.00,0.718,0.814
COU_9_0980,9,Essen,bicycle,suspended,0,0.00,0.00,49.72,845.22,0.00,0.778,0.765
COU_9_0981,9,Essen,scooter,active,0,0.00,0.00,42.5,552.55,0.00,0.759,0.768
COU_9_0982,9,Essen,bicycle,suspended,0,0.00,0.00,56.62,679.5,0.00,0.744,0.793
COU_9_0983,9,Essen,car,inactive,0,0.00,0.00,51.65,723.15,0.00,0.753,0.756
COU_9_0984,9,Essen,scooter,churned,0,0.00,0.00,49.07,588.8,0.00,0.709,0.751
COU_9_0986,9,Essen,car,churned,0,0.00,0.00,50.62,506.21,0.00,0.782,0.762
COU_9_0989,9,Essen,scooter,active,0,0.00,0.00,42.84,599.69,0.00,0.759,0.772
COU_9_0990,9,Essen,scooter,inactive,0,0.00,0.00,53.86,861.82,0.00,0.76,0.729
COU_9_0991,9,Essen,bicycle,inactive,0,0.00,0.00,57.76,750.83,0.00,0.738,0.782
COU_9_0992,9,Essen,bicycle,inactive,0,0.00,0.00,41.57,623.54,0.00,0.736,0.737
COU_9_0993,9,Essen,scooter,churned,0,0.00,0.00,46.11,645.52,0.00,0.746,0.738
COU_9_0994,9,Essen,car,active,0,0.00,0.00,46.86,702.88,0.00,0.727,0.77
COU_9_0996,9,Essen,bike,active,0,0.00,0.00,54.54,763.57,0.00,0.739,0.771
COU_9_0997,9,Essen,bike,suspended,0,0.00,0.00,44.98,719.69,0.00,0.705,0.767
COU_9_0998,9,Essen,bicycle,inactive,0,0.00,0.00,45.42,635.87,0.00,0.733,0.75
COU_9_0999,9,Essen,bike,churned,0,0.00,0.00,44.13,617.87,0.00,0.781,0.729
COU_1_0800,1,Berlin,bike,inactive,0,0.00,0.00,52.69,737.68,0.00,0.801,0.747
COU_1_0801,1,Berlin,bicycle,active,0,0.00,0.00,59.46,951.4,0.00,0.751,0.721
COU_1_0802,1,Berlin,car,suspended,0,0.00,0.00,48.52,727.8,0.00,0.723,0.774
COU_1_0803,1,Berlin,bike,suspended,0,0.00,0.00,49.21,639.71,0.00,0.742,0.776
COU_1_0804,1,Berlin,bicycle,active,0,0.00,0.00,50.41,705.8,0.00,0.749,0.813
COU_1_0805,1,Berlin,bike,suspended,0,0.00,0.00,54.94,988.85,0.00,0.701,0.791
COU_1_0806,1,Berlin,bicycle,suspended,0,0.00,0.00,55.48,943.11,0.00,0.766,0.76
COU_1_0808,1,Berlin,bicycle,inactive,0,0.00,0.00,55.27,773.74,0.00,0.718,0.776
COU_1_0809,1,Berlin,bike,churned,0,0.00,0.00,49.2,836.43,0.00,0.738,0.764
COU_1_0810,1,Berlin,bike,suspended,0,0.00,0.00,52.93,688.03,0.00,0.8,0.783
COU_1_0811,1,Berlin,bike,churned,0,0.00,0.00,52.04,780.63,0.00,0.791,0.794
COU_1_0812,1,Berlin,car,churned,0,0.00,0.00,53.44,855.03,0.00,0.791,0.789
COU_1_0813,1,Berlin,scooter,inactive,0,0.00,0.00,45.82,641.42,0.00,0.728,0.813
COU_1_0814,1,Berlin,scooter,churned,0,0.00,0.00,59.95,779.29,0.00,0.768,0.724
COU_1_0815,1,Berlin,scooter,suspended,0,0.00,0.00,51.37,719.23,0.00,0.801,0.786
COU_1_0816,1,Berlin,car,active,0,0.00,0.00,61.18,856.46,0.00,0.749,0.778
COU_1_0817,1,Berlin,bicycle,suspended,0,0.00,0.00,47.09,565.07,0.00,0.81,0.75
COU_1_0818,1,Berlin,scooter,inactive,0,0.00,0.00,56.34,732.39,0.00,0.722,0.767
COU_1_0819,1,Berlin,bicycle,suspended,0,0.00,0.00,49.63,595.52,0.00,0.745,0.765
COU_1_0820,1,Berlin,bike,active,0,0.00,0.00,59.51,833.19,0.00,0.741,0.742
COU_1_0821,1,Berlin,car,active,0,0.00,0.00,51.47,823.57,0.00,0.761,0.806
COU_1_0822,1,Berlin,bicycle,suspended,0,0.00,0.00,46.21,693.1,0.00,0.76,0.782
COU_1_0823,1,Berlin,bicycle,suspended,0,0.00,0.00,52.23,887.85,0.00,0.742,0.728
COU_1_0824,1,Berlin,scooter,active,0,0.00,0.00,62.44,624.35,0.00,0.717,0.746
COU_1_0825,1,Berlin,scooter,suspended,0,0.00,0.00,50.81,812.94,0.00,0.776,0.831
COU_1_0826,1,Berlin,bicycle,active,0,0.00,0.00,50.4,756,0.00,0.743,0.795
COU_1_0827,1,Berlin,bike,suspended,0,0.00,0.00,49.34,740.09,0.00,0.729,0.773
COU_1_0828,1,Berlin,bike,suspended,0,0.00,0.00,46.86,749.82,0.00,0.728,0.803
COU_1_0829,1,Berlin,car,suspended,0,0.00,0.00,44.73,581.52,0.00,0.785,0.779
COU_1_0830,1,Berlin,scooter,suspended,0,0.00,0.00,40.07,601,0.00,0.759,0.744
COU_1_0831,1,Berlin,bike,active,0,0.00,0.00,44.5,445,0.00,0.733,0.815
COU_1_0832,1,Berlin,scooter,churned,0,0.00,0.00,49.12,835.11,0.00,0.716,0.781
COU_1_0833,1,Berlin,bike,active,0,0.00,0.00,45.99,735.84,0.00,0.698,0.777
COU_1_0834,1,Berlin,bicycle,churned,0,0.00,0.00,49.12,834.99,0.00,0.768,0.776
COU_1_0835,1,Berlin,bike,suspended,0,0.00,0.00,45.95,597.33,0.00,0.735,0.733
COU_1_0837,1,Berlin,bicycle,churned,0,0.00,0.00,48.54,776.6,0.00,0.728,0.8
COU_1_0838,1,Berlin,car,inactive,0,0.00,0.00,53.53,910.08,0.00,0.72,0.837
COU_1_0839,1,Berlin,bicycle,inactive,0,0.00,0.00,47.93,527.24,0.00,0.771,0.735
COU_1_0841,1,Berlin,scooter,active,0,0.00,0.00,52.56,578.13,0.00,0.769,0.738
COU_1_0842,1,Berlin,scooter,churned,0,0.00,0.00,43.87,657.99,0.00,0.77,0.8
COU_1_0843,1,Berlin,bike,inactive,0,0.00,0.00,48,576.02,0.00,0.748,0.735
COU_1_0844,1,Berlin,bike,inactive,0,0.00,0.00,42.69,683.05,0.00,0.75,0.784
COU_1_0845,1,Berlin,bike,active,0,0.00,0.00,56.19,955.19,0.00,0.768,0.815
COU_1_0846,1,Berlin,car,inactive,0,0.00,0.00,51.5,566.54,0.00,0.718,0.768
COU_1_0847,1,Berlin,car,active,0,0.00,0.00,60.9,730.85,0.00,0.767,0.78
COU_1_0848,1,Berlin,bicycle,churned,0,0.00,0.00,49.95,849.22,0.00,0.757,0.808
COU_1_0849,1,Berlin,scooter,churned,0,0.00,0.00,58.43,818.04,0.00,0.775,0.784
COU_1_0850,1,Berlin,scooter,active,0,0.00,0.00,51.29,871.9,0.00,0.745,0.778
COU_1_0851,1,Berlin,scooter,active,0,0.00,0.00,48.82,781.07,0.00,0.74,0.776
COU_1_0852,1,Berlin,bike,inactive,0,0.00,0.00,39.66,515.57,0.00,0.763,0.769
COU_1_0853,1,Berlin,bike,suspended,0,0.00,0.00,50.09,651.14,0.00,0.767,0.774
COU_1_0854,1,Berlin,bike,active,0,0.00,0.00,44.72,805.03,0.00,0.787,0.749
COU_1_0855,1,Berlin,bike,active,0,0.00,0.00,59.13,827.81,0.00,0.73,0.741
COU_1_0856,1,Berlin,bike,active,0,0.00,0.00,53.52,642.3,0.00,0.709,0.795
COU_1_0857,1,Berlin,car,suspended,0,0.00,0.00,47.98,719.75,0.00,0.703,0.801
COU_1_0858,1,Berlin,scooter,suspended,0,0.00,0.00,48.83,732.46,0.00,0.769,0.775
COU_1_0859,1,Berlin,car,churned,0,0.00,0.00,64.72,841.36,0.00,0.758,0.777
COU_1_0860,1,Berlin,scooter,suspended,0,0.00,0.00,63.54,889.51,0.00,0.731,0.74
COU_1_0861,1,Berlin,bicycle,churned,0,0.00,0.00,56.34,676.1,0.00,0.728,0.744
COU_1_0862,1,Berlin,bicycle,active,0,0.00,0.00,48.5,582.06,0.00,0.753,0.809
COU_1_0863,1,Berlin,scooter,active,0,0.00,0.00,54.93,768.96,0.00,0.792,0.785
COU_1_0864,1,Berlin,bicycle,churned,0,0.00,0.00,53.64,643.74,0.00,0.704,0.77
COU_1_0865,1,Berlin,car,churned,0,0.00,0.00,38.43,614.81,0.00,0.764,0.731
COU_1_0866,1,Berlin,scooter,inactive,0,0.00,0.00,56.29,788.09,0.00,0.754,0.786
COU_1_0867,1,Berlin,bicycle,suspended,0,0.00,0.00,48.96,489.57,0.00,0.822,0.754
COU_1_0868,1,Berlin,scooter,suspended,0,0.00,0.00,59.04,708.42,0.00,0.739,0.769
COU_1_0869,1,Berlin,car,suspended,0,0.00,0.00,46.48,836.59,0.00,0.766,0.806
COU_1_0870,1,Berlin,bike,suspended,0,0.00,0.00,45.02,585.32,0.00,0.68,0.751
COU_1_0872,1,Berlin,bicycle,active,0,0.00,0.00,56.74,737.57,0.00,0.744,0.811
COU_1_0873,1,Berlin,scooter,suspended,0,0.00,0.00,49.39,790.23,0.00,0.745,0.783
COU_1_0874,1,Berlin,bicycle,suspended,0,0.00,0.00,44.79,582.26,0.00,0.774,0.795
COU_1_0875,1,Berlin,scooter,active,0,0.00,0.00,51.33,821.31,0.00,0.718,0.753
COU_1_0876,1,Berlin,bicycle,suspended,0,0.00,0.00,52.3,836.73,0.00,0.77,0.777
COU_1_0877,1,Berlin,scooter,suspended,0,0.00,0.00,46.65,559.76,0.00,0.77,0.787
COU_1_0878,1,Berlin,bike,inactive,0,0.00,0.00,45.5,682.5,0.00,0.728,0.798
COU_1_0879,1,Berlin,car,inactive,0,0.00,0.00,58.1,987.63,0.00,0.72,0.717
COU_1_0880,1,Berlin,bicycle,active,0,0.00,0.00,45.92,642.85,0.00,0.757,0.779
COU_1_0881,1,Berlin,bicycle,inactive,0,0.00,0.00,56.77,397.37,0.00,0.785,0.783
COU_1_0882,1,Berlin,bike,suspended,0,0.00,0.00,51.05,612.58,0.00,0.742,0.753
COU_1_0883,1,Berlin,car,active,0,0.00,0.00,59.59,953.5,0.00,0.762,0.81
COU_1_0884,1,Berlin,bicycle,churned,0,0.00,0.00,54.72,766.06,0.00,0.726,0.774
COU_1_0885,1,Berlin,scooter,active,0,0.00,0.00,56.97,854.52,0.00,0.749,0.748
COU_1_0886,1,Berlin,car,churned,0,0.00,0.00,44.45,577.85,0.00,0.766,0.758
COU_1_0887,1,Berlin,car,active,0,0.00,0.00,60.56,908.47,0.00,0.742,0.757
COU_1_0888,1,Berlin,bike,churned,0,0.00,0.00,55.36,830.46,0.00,0.719,0.829
COU_1_0889,1,Berlin,car,inactive,0,0.00,0.00,48.73,779.73,0.00,0.763,0.748
COU_1_0890,1,Berlin,bike,churned,0,0.00,0.00,47.31,662.33,0.00,0.744,0.798
COU_1_0891,1,Berlin,car,inactive,0,0.00,0.00,58.06,812.85,0.00,0.742,0.761
COU_1_0893,1,Berlin,bicycle,active,0,0.00,0.00,63.01,945.2,0.00,0.752,0.774
COU_1_0894,1,Berlin,bike,active,0,0.00,0.00,50.56,707.85,0.00,0.773,0.806
COU_1_0895,1,Berlin,scooter,inactive,0,0.00,0.00,49.29,739.37,0.00,0.714,0.76
COU_1_0897,1,Berlin,car,active,0,0.00,0.00,47.15,612.99,0.00,0.741,0.774
COU_1_0898,1,Berlin,scooter,active,0,0.00,0.00,52.39,785.89,0.00,0.727,0.724
COU_1_0899,1,Berlin,car,suspended,0,0.00,0.00,57.28,916.47,0.00,0.724,0.744
COU_1_0900,1,Berlin,car,suspended,0,0.00,0.00,49.12,638.6,0.00,0.792,0.781
COU_1_0901,1,Berlin,bike,suspended,0,0.00,0.00,50.18,802.94,0.00,0.747,0.754
COU_1_0902,1,Berlin,scooter,inactive,0,0.00,0.00,61.47,1167.91,0.00,0.737,0.756
COU_1_0903,1,Berlin,scooter,suspended,0,0.00,0.00,50.98,611.79,0.00,0.725,0.778
COU_1_0904,1,Berlin,scooter,suspended,0,0.00,0.00,40.06,600.84,0.00,0.755,0.732
COU_1_0905,1,Berlin,scooter,active,0,0.00,0.00,57.62,864.35,0.00,0.745,0.775
COU_1_0906,1,Berlin,scooter,suspended,0,0.00,0.00,44.99,764.8,0.00,0.729,0.777
COU_1_0907,1,Berlin,bicycle,suspended,0,0.00,0.00,52.61,789.16,0.00,0.799,0.752
COU_1_0908,1,Berlin,bike,inactive,0,0.00,0.00,54.09,757.29,0.00,0.781,0.798
COU_1_0910,1,Berlin,scooter,active,0,0.00,0.00,48.82,683.45,0.00,0.721,0.792
COU_1_0911,1,Berlin,car,suspended,0,0.00,0.00,48.3,627.84,0.00,0.715,0.81
COU_1_0913,1,Berlin,car,suspended,0,0.00,0.00,52.94,899.92,0.00,0.748,0.723
COU_1_0914,1,Berlin,bicycle,suspended,0,0.00,0.00,51.08,766.17,0.00,0.758,0.785
COU_1_0915,1,Berlin,car,inactive,0,0.00,0.00,63.36,823.64,0.00,0.737,0.787
COU_1_0916,1,Berlin,bike,churned,0,0.00,0.00,54.37,761.13,0.00,0.736,0.744
COU_1_0917,1,Berlin,car,churned,0,0.00,0.00,47.8,716.98,0.00,0.768,0.778
COU_1_0919,1,Berlin,car,active,0,0.00,0.00,54.74,930.6,0.00,0.723,0.782
COU_1_0920,1,Berlin,bicycle,active,0,0.00,0.00,57.07,684.8,0.00,0.644,0.753
COU_1_0921,1,Berlin,bicycle,churned,0,0.00,0.00,67.63,1082.04,0.00,0.77,0.729
COU_1_0923,1,Berlin,bicycle,suspended,0,0.00,0.00,51.96,675.42,0.00,0.757,0.76
COU_1_0924,1,Berlin,bike,active,0,0.00,0.00,54.91,713.89,0.00,0.713,0.744
COU_1_0925,1,Berlin,bike,active,0,0.00,0.00,58.6,937.57,0.00,0.765,0.806
COU_1_0926,1,Berlin,scooter,churned,0,0.00,0.00,66.7,800.4,0.00,0.641,0.777
COU_1_0927,1,Berlin,scooter,suspended,0,0.00,0.00,64.16,962.38,0.00,0.756,0.735
COU_1_0928,1,Berlin,bike,active,0,0.00,0.00,60.85,608.5,0.00,0.776,0.79
COU_1_0929,1,Berlin,bike,inactive,0,0.00,0.00,48.39,580.62,0.00,0.769,0.758
COU_1_0930,1,Berlin,car,churned,0,0.00,0.00,46.94,704.03,0.00,0.754,0.78
COU_1_0931,1,Berlin,bicycle,active,0,0.00,0.00,47.02,799.31,0.00,0.741,0.756
COU_1_0932,1,Berlin,bicycle,suspended,0,0.00,0.00,51.23,717.24,0.00,0.731,0.755
COU_1_0933,1,Berlin,bicycle,suspended,0,0.00,0.00,52.18,887.14,0.00,0.752,0.803
COU_1_0934,1,Berlin,bike,active,0,0.00,0.00,51.45,720.35,0.00,0.758,0.799
COU_1_0935,1,Berlin,scooter,active,0,0.00,0.00,54.67,820.05,0.00,0.757,0.788
COU_1_0936,1,Berlin,car,inactive,0,0.00,0.00,52.74,896.56,0.00,0.734,0.786
COU_1_0937,1,Berlin,scooter,suspended,0,0.00,0.00,57.37,803.17,0.00,0.789,0.755
COU_1_0939,1,Berlin,bicycle,suspended,0,0.00,0.00,63.21,1011.39,0.00,0.733,0.767
COU_1_0940,1,Berlin,bicycle,churned,0,0.00,0.00,56.75,794.45,0.00,0.772,0.781
COU_1_0941,1,Berlin,car,inactive,0,0.00,0.00,53.56,803.46,0.00,0.669,0.755
COU_1_0942,1,Berlin,bike,churned,0,0.00,0.00,47.27,661.84,0.00,0.756,0.799
COU_1_0943,1,Berlin,bike,suspended,0,0.00,0.00,50.49,807.8,0.00,0.74,0.804
COU_1_0944,1,Berlin,scooter,churned,0,0.00,0.00,48.41,726.15,0.00,0.71,0.79
COU_1_0945,1,Berlin,car,inactive,0,0.00,0.00,61.75,864.55,0.00,0.688,0.771
COU_1_0946,1,Berlin,bicycle,active,0,0.00,0.00,53.66,697.55,0.00,0.754,0.776
COU_1_0947,1,Berlin,scooter,churned,0,0.00,0.00,45.51,728.23,0.00,0.758,0.765
COU_1_0948,1,Berlin,scooter,suspended,0,0.00,0.00,50.4,907.19,0.00,0.721,0.754
COU_1_0949,1,Berlin,scooter,suspended,0,0.00,0.00,49.53,891.48,0.00,0.78,0.765
COU_1_0950,1,Berlin,bike,inactive,0,0.00,0.00,50.1,701.44,0.00,0.753,0.795
COU_1_0951,1,Berlin,car,active,0,0.00,0.00,46.27,555.3,0.00,0.734,0.726
COU_1_0952,1,Berlin,scooter,churned,0,0.00,0.00,42.26,507.1,0.00,0.755,0.764
COU_1_0953,1,Berlin,bike,inactive,0,0.00,0.00,44.62,580.11,0.00,0.701,0.767
COU_1_0954,1,Berlin,bicycle,active,0,0.00,0.00,60.78,729.4,0.00,0.741,0.801
COU_1_0955,1,Berlin,scooter,suspended,0,0.00,0.00,45.73,548.78,0.00,0.742,0.725
COU_1_0956,1,Berlin,scooter,suspended,0,0.00,0.00,58.05,812.65,0.00,0.735,0.747
COU_1_0957,1,Berlin,bicycle,active,0,0.00,0.00,52.38,785.7,0.00,0.779,0.793
COU_1_0958,1,Berlin,bike,suspended,0,0.00,0.00,45.74,548.84,0.00,0.747,0.803
COU_1_0959,1,Berlin,scooter,churned,0,0.00,0.00,56.06,728.78,0.00,0.71,0.809
COU_1_0960,1,Berlin,bike,active,0,0.00,0.00,42.72,512.61,0.00,0.833,0.723
COU_1_0961,1,Berlin,bike,inactive,0,0.00,0.00,52.02,624.24,0.00,0.719,0.712
COU_1_0962,1,Berlin,scooter,active,0,0.00,0.00,54.44,925.56,0.00,0.75,0.759
COU_1_0964,1,Berlin,car,churned,0,0.00,0.00,48.01,576.08,0.00,0.771,0.794
COU_1_0965,1,Berlin,scooter,suspended,0,0.00,0.00,52.58,578.37,0.00,0.806,0.763
COU_1_0966,1,Berlin,bicycle,active,0,0.00,0.00,50.02,750.34,0.00,0.77,0.814
COU_1_0967,1,Berlin,bicycle,active,0,0.00,0.00,45.55,728.75,0.00,0.765,0.729
COU_1_0968,1,Berlin,car,inactive,0,0.00,0.00,46.98,751.71,0.00,0.735,0.793
COU_1_0969,1,Berlin,car,active,0,0.00,0.00,62.12,869.68,0.00,0.673,0.788
COU_1_0970,1,Berlin,car,active,0,0.00,0.00,55.37,664.47,0.00,0.774,0.773
COU_1_0971,1,Berlin,bike,active,0,0.00,0.00,61.73,802.55,0.00,0.756,0.784
COU_1_0972,1,Berlin,bicycle,churned,0,0.00,0.00,45.67,730.72,0.00,0.784,0.77
COU_1_0973,1,Berlin,bicycle,churned,0,0.00,0.00,56.11,897.74,0.00,0.758,0.787
COU_1_0974,1,Berlin,scooter,inactive,0,0.00,0.00,53.3,692.84,0.00,0.757,0.788
COU_1_0975,1,Berlin,car,churned,0,0.00,0.00,46.04,736.72,0.00,0.715,0.804
COU_1_0976,1,Berlin,scooter,churned,0,0.00,0.00,48.44,823.48,0.00,0.777,0.747
COU_1_0977,1,Berlin,car,suspended,0,0.00,0.00,48.63,778.13,0.00,0.748,0.762
COU_1_0978,1,Berlin,scooter,active,0,0.00,0.00,55.62,778.64,0.00,0.734,0.84
COU_1_0979,1,Berlin,bike,churned,0,0.00,0.00,44.71,581.25,0.00,0.832,0.798
COU_1_0980,1,Berlin,bicycle,suspended,0,0.00,0.00,50.73,710.23,0.00,0.72,0.768
COU_1_0981,1,Berlin,scooter,churned,0,0.00,0.00,40.62,528.01,0.00,0.737,0.799
COU_1_0982,1,Berlin,bike,active,0,0.00,0.00,48.15,625.9,0.00,0.753,0.781
COU_1_0983,1,Berlin,car,active,0,0.00,0.00,61.46,799,0.00,0.792,0.803
COU_1_0984,1,Berlin,car,active,0,0.00,0.00,41.68,541.84,0.00,0.804,0.808
COU_1_0985,1,Berlin,bicycle,active,0,0.00,0.00,60.08,781.09,0.00,0.795,0.792
COU_1_0986,1,Berlin,scooter,inactive,0,0.00,0.00,52.28,836.41,0.00,0.729,0.769
COU_1_0988,1,Berlin,car,inactive,0,0.00,0.00,44.32,487.54,0.00,0.694,0.761
COU_1_0989,1,Berlin,scooter,active,0,0.00,0.00,63.38,950.76,0.00,0.682,0.766
COU_1_0990,1,Berlin,bicycle,inactive,0,0.00,0.00,50.65,759.75,0.00,0.744,0.824
COU_1_0991,1,Berlin,bike,active,0,0.00,0.00,59.53,714.32,0.00,0.742,0.783
COU_1_0992,1,Berlin,bicycle,churned,0,0.00,0.00,52,624.03,0.00,0.718,0.828
COU_1_0993,1,Berlin,bicycle,active,0,0.00,0.00,45.59,683.9,0.00,0.728,0.77
COU_1_0994,1,Berlin,scooter,inactive,0,0.00,0.00,56.93,740.03,0.00,0.812,0.771
COU_1_0995,1,Berlin,bicycle,inactive,0,0.00,0.00,50.45,655.79,0.00,0.767,0.785
COU_1_0996,1,Berlin,scooter,active,0,0.00,0.00,45.21,723.39,0.00,0.715,0.768
COU_1_0997,1,Berlin,scooter,suspended,0,0.00,0.00,49.12,884.24,0.00,0.751,0.808
COU_1_0998,1,Berlin,scooter,active,0,0.00,0.00,56.7,850.57,0.00,0.763,0.774
COU_1_0999,1,Berlin,bike,inactive,0,0.00,0.00,42.64,596.91,0.00,0.796,0.731
COU_10_0800,10,Leipzig,bike,churned,0,0.00,0.00,53.62,857.91,0.00,0.767,0.768
COU_10_0801,10,Leipzig,bicycle,active,0,0.00,0.00,43.03,516.32,0.00,0.757,0.811
COU_10_0802,10,Leipzig,scooter,churned,0,0.00,0.00,44.14,617.96,0.00,0.719,0.732
COU_10_0803,10,Leipzig,car,suspended,0,0.00,0.00,40.93,450.27,0.00,0.808,0.735
COU_10_0804,10,Leipzig,scooter,active,0,0.00,0.00,52.26,836.08,0.00,0.778,0.79
COU_10_0805,10,Leipzig,car,suspended,0,0.00,0.00,46.6,745.62,0.00,0.764,0.782
COU_10_0806,10,Leipzig,car,suspended,0,0.00,0.00,52.53,735.36,0.00,0.747,0.774
COU_10_0807,10,Leipzig,bicycle,churned,0,0.00,0.00,56.07,616.76,0.00,0.734,0.741
COU_10_0808,10,Leipzig,scooter,suspended,0,0.00,0.00,57.78,808.93,0.00,0.759,0.76
COU_10_0809,10,Leipzig,car,active,0,0.00,0.00,43.03,559.39,0.00,0.771,0.83
COU_10_0810,10,Leipzig,scooter,inactive,0,0.00,0.00,65.37,653.66,0.00,0.765,0.787
COU_10_0811,10,Leipzig,bicycle,churned,0,0.00,0.00,48.77,829.12,0.00,0.767,0.758
COU_10_0812,10,Leipzig,bicycle,active,0,0.00,0.00,60.72,789.42,0.00,0.747,0.816
COU_10_0813,10,Leipzig,bike,churned,0,0.00,0.00,53.21,851.31,0.00,0.74,0.775
COU_10_0814,10,Leipzig,scooter,inactive,0,0.00,0.00,47.38,805.38,0.00,0.75,0.765
COU_10_0815,10,Leipzig,scooter,active,0,0.00,0.00,44.49,667.34,0.00,0.758,0.808
COU_10_0816,10,Leipzig,bicycle,suspended,0,0.00,0.00,56.03,728.38,0.00,0.734,0.794
COU_10_0817,10,Leipzig,bike,active,0,0.00,0.00,56.89,682.73,0.00,0.759,0.772
COU_10_0818,10,Leipzig,bike,active,0,0.00,0.00,62.23,809,0.00,0.776,0.768
COU_10_0819,10,Leipzig,bicycle,churned,0,0.00,0.00,50.54,859.26,0.00,0.796,0.779
COU_10_0820,10,Leipzig,car,inactive,0,0.00,0.00,61.35,674.83,0.00,0.768,0.777
