city_name,day,avg_delivery_time,active_couriers
Berlin,2025-08-17,151.3750,37
Bremen,2025-08-17,42.7750,33
Cologne,2025-08-17,-4.0500,37
Dortmund,2025-08-17,125.2750,34
Dusseldorf,2025-08-17,75.0250,37
Essen,2025-08-17,30.9500,36
Frankfurt,2025-08-17,-110.9250,36
Hamburg,2025-08-17,140.8750,37
Hannover,2025-08-17,135.3000,37
Leipzig,2025-08-17,-135.6250,36
Munich,2025-08-17,-105.3500,37
Stuttgart,2025-08-17,147.9250,37
Berlin,2025-08-18,31.6250,38
Bremen,2025-08-18,-15.0250,32
Cologne,2025-08-18,93.2750,38
Dortmund,2025-08-18,-114.9500,37
Dusseldorf,2025-08-18,-8.8500,36
Essen,2025-08-18,-70.8000,34
Frankfurt,2025-08-18,33.2500,36
Hamburg,2025-08-18,25.5500,36
Hannover,2025-08-18,60.0250,35
Leipzig,2025-08-18,26.8000,36
Munich,2025-08-18,-5.3750,37
Stuttgart,2025-08-18,-56.3250,37
Berlin,2025-08-19,120.8250,38
Bremen,2025-08-19,32.9500,37
Cologne,2025-08-19,156.0250,37
Dortmund,2025-08-19,-75.9000,38
Dusseldorf,2025-08-19,141.6750,38
Essen,2025-08-19,139.1750,36
Frankfurt,2025-08-19,132.7750,37
Hamburg,2025-08-19,-53.9500,36
Hannover,2025-08-19,167.3500,37
Leipzig,2025-08-19,-41.7750,36
Munich,2025-08-19,-34.8750,35
Stuttgart,2025-08-19,101.2250,38
Berlin,2025-08-20,-28.6500,39
Bremen,2025-08-20,125.5000,34
Cologne,2025-08-20,-16.0250,37
Dortmund,2025-08-20,49.8000,36
Dusseldorf,2025-08-20,70.1250,37
Essen,2025-08-20,-61.8000,38
Frankfurt,2025-08-20,-137.4000,35
Hamburg,2025-08-20,-22.8250,32
Hannover,2025-08-20,44.0250,35
Leipzig,2025-08-20,202.3500,38
Munich,2025-08-20,80.2250,36
Stuttgart,2025-08-20,40.9000,36
Berlin,2025-08-21,-55.9500,35
Bremen,2025-08-21,173.7250,39
Cologne,2025-08-21,-22.6500,37
Dortmund,2025-08-21,86.1750,37
Dusseldorf,2025-08-21,-2.0500,37
Essen,2025-08-21,108.3500,35
Frankfurt,2025-08-21,143.2250,34
Hamburg,2025-08-21,6.4250,37
Hannover,2025-08-21,173.1500,39
Leipzig,2025-08-21,149.0000,36
Munich,2025-08-21,12.5250,36
Stuttgart,2025-08-21,-126.0500,36
Berlin,2025-08-22,-165.8500,35
Bremen,2025-08-22,27.4000,35
Cologne,2025-08-22,-5.8500,34
Dortmund,2025-08-22,9.1750,36
Dusseldorf,2025-08-22,42.9250,37
Essen,2025-08-22,18.0250,37
Frankfurt,2025-08-22,177.2750,38
Hamburg,2025-08-22,152.3750,33
Hannover,2025-08-22,188.7750,36
Leipzig,2025-08-22,78.4500,34
Munich,2025-08-22,-80.8000,35
Stuttgart,2025-08-22,87.3500,37
Berlin,2025-08-23,-97.4750,39
Bremen,2025-08-23,-118.1750,36
Cologne,2025-08-23,102.7250,38
Dortmund,2025-08-23,-61.0250,36
Dusseldorf,2025-08-23,241.1250,39
Essen,2025-08-23,-94.4000,38
Frankfurt,2025-08-23,67.9000,37
Hamburg,2025-08-23,137.3500,36
Hannover,2025-08-23,-77.4000,38
Leipzig,2025-08-23,91.9750,37
Munich,2025-08-23,119.7250,38
Stuttgart,2025-08-23,193.1750,36
Berlin,2025-08-24,-130.3750,39
Bremen,2025-08-24,-190.6500,36
Cologne,2025-08-24,188.9500,39
Dortmund,2025-08-24,-0.4000,37
Dusseldorf,2025-08-24,44.9750,33
Essen,2025-08-24,63.5500,36
Frankfurt,2025-08-24,8.2250,33
Hamburg,2025-08-24,-155.2000,32
Hannover,2025-08-24,183.3250,37
Leipzig,2025-08-24,-234.1000,35
Munich,2025-08-24,148.9000,36
Stuttgart,2025-08-24,123.3250,37
Berlin,2025-08-25,30.5500,37
Bremen,2025-08-25,30.6250,37
Cologne,2025-08-25,61.9000,36
Dortmund,2025-08-25,39.3000,36
Dusseldorf,2025-08-25,-11.0500,37
Essen,2025-08-25,-49.4250,37
Frankfurt,2025-08-25,6.3750,35
Hamburg,2025-08-25,-85.7250,37
Hannover,2025-08-25,124.6250,39
Leipzig,2025-08-25,36.2000,32
Munich,2025-08-25,12.7250,37
Stuttgart,2025-08-25,87.8000,37
Berlin,2025-08-26,171.2500,35
Bremen,2025-08-26,16.7250,36
Cologne,2025-08-26,222.8500,39
Dortmund,2025-08-26,85.5250,36
Dusseldorf,2025-08-26,-82.6000,35
Essen,2025-08-26,99.0750,35
Frankfurt,2025-08-26,-100.1500,38
Hamburg,2025-08-26,93.9500,34
Hannover,2025-08-26,101.7250,38
Leipzig,2025-08-26,-39.0250,34
Munich,2025-08-26,156.5750,36
Stuttgart,2025-08-26,7.8750,37
Berlin,2025-08-27,-35.5750,38
Bremen,2025-08-27,33.0500,34
Cologne,2025-08-27,35.3000,34
Dortmund,2025-08-27,108.9500,36
Dusseldorf,2025-08-27,86.1250,39
Essen,2025-08-27,24.7000,37
Frankfurt,2025-08-27,-28.5250,36
Hamburg,2025-08-27,-11.1750,38
Hannover,2025-08-27,-15.4500,34
Leipzig,2025-08-27,97.7000,39
Munich,2025-08-27,43.7000,37
Stuttgart,2025-08-27,34.7250,34
Berlin,2025-08-28,-64.1750,37
Bremen,2025-08-28,72.4500,35
Cologne,2025-08-28,-197.8500,36
Dortmund,2025-08-28,-52.6250,35
Dusseldorf,2025-08-28,-65.6500,38
Essen,2025-08-28,108.2000,37
Frankfurt,2025-08-28,111.9000,37
Hamburg,2025-08-28,-72.7750,36
Hannover,2025-08-28,139.5250,34
Leipzig,2025-08-28,111.9500,36
Munich,2025-08-28,91.1250,34
Stuttgart,2025-08-28,107.7000,34
Berlin,2025-08-29,22.0500,38
Bremen,2025-08-29,39.9250,35
Cologne,2025-08-29,-62.7750,37
Dortmund,2025-08-29,73.2250,39
Dusseldorf,2025-08-29,109.6750,38
Essen,2025-08-29,44.3500,39
Frankfurt,2025-08-29,128.5250,39
Hamburg,2025-08-29,13.8750,39
Hannover,2025-08-29,70.3000,38
Leipzig,2025-08-29,142.2500,36
Munich,2025-08-29,37.4500,37
Stuttgart,2025-08-29,-110.8250,38
Berlin,2025-08-30,-172.4250,38
Bremen,2025-08-30,76.8250,38
Cologne,2025-08-30,-28.6750,34
Dortmund,2025-08-30,-32.4000,37
Dusseldorf,2025-08-30,154.7500,38
Essen,2025-08-30,30.3500,37
Frankfurt,2025-08-30,121.4000,36
Hamburg,2025-08-30,122.8500,40
Hannover,2025-08-30,-96.3250,36
Leipzig,2025-08-30,80.9750,35
Munich,2025-08-30,171.5500,38
Stuttgart,2025-08-30,143.9750,35
Berlin,2025-08-31,69.8750,32
Bremen,2025-08-31,46.4750,35
Cologne,2025-08-31,262.2750,37
Dortmund,2025-08-31,194.9000,36
Dusseldorf,2025-08-31,128.4500,37
Essen,2025-08-31,-13.6500,40
Frankfurt,2025-08-31,26.5500,36
Hamburg,2025-08-31,15.9250,36
Hannover,2025-08-31,17.9000,39
Leipzig,2025-08-31,159.9250,37
Munich,2025-08-31,-13.9750,34
Stuttgart,2025-08-31,-163.5750,36
Berlin,2025-09-01,150.3000,33
Bremen,2025-09-01,87.2750,36
Cologne,2025-09-01,182.7750,35
Dortmund,2025-09-01,-30.5750,33
Dusseldorf,2025-09-01,26.0250,33
Essen,2025-09-01,49.0750,38
Frankfurt,2025-09-01,19.5500,35
Hamburg,2025-09-01,-2.2250,37
Hannover,2025-09-01,-28.8750,37
Leipzig,2025-09-01,113.1750,37
Munich,2025-09-01,62.9750,34
Stuttgart,2025-09-01,44.3500,33
Berlin,2025-09-02,101.1500,33
Bremen,2025-09-02,209.3750,35
Cologne,2025-09-02,-59.2000,37
Dortmund,2025-09-02,113.0250,36
Dusseldorf,2025-09-02,167.1250,36
Essen,2025-09-02,231.4000,36
Frankfurt,2025-09-02,122.1000,36
Hamburg,2025-09-02,276.7000,36
Hannover,2025-09-02,45.3750,36
Leipzig,2025-09-02,-74.2750,36
Munich,2025-09-02,85.8500,37
Stuttgart,2025-09-02,186.9750,35
Berlin,2025-09-03,28.1250,36
Bremen,2025-09-03,82.9000,35
Cologne,2025-09-03,95.3750,35
Dortmund,2025-09-03,37.4000,39
Dusseldorf,2025-09-03,195.7500,36
Essen,2025-09-03,-41.2750,39
Frankfurt,2025-09-03,16.5750,38
Hamburg,2025-09-03,135.6750,40
Hannover,2025-09-03,-25.1750,36
Leipzig,2025-09-03,-88.6000,34
Munich,2025-09-03,161.5000,39
Stuttgart,2025-09-03,19.7750,34
Berlin,2025-09-04,19.2500,34
Bremen,2025-09-04,-51.3000,37
Cologne,2025-09-04,81.1000,37
Dortmund,2025-09-04,105.9000,35
Dusseldorf,2025-09-04,187.0000,38
Essen,2025-09-04,121.9500,37
Frankfurt,2025-09-04,64.8000,37
Hamburg,2025-09-04,44.4250,38
Hannover,2025-09-04,96.7750,35
Leipzig,2025-09-04,132.9750,36
Munich,2025-09-04,151.3500,39
Stuttgart,2025-09-04,-23.6000,39
Berlin,2025-09-05,26.8500,39
Bremen,2025-09-05,28.5750,34
Cologne,2025-09-05,-37.9000,37
Dortmund,2025-09-05,114.5500,36
Dusseldorf,2025-09-05,-15.5500,38
Essen,2025-09-05,59.0000,37
Frankfurt,2025-09-05,-63.0000,38
Hamburg,2025-09-05,81.6750,35
Hannover,2025-09-05,-15.0750,36
Leipzig,2025-09-05,44.2750,39
Munich,2025-09-05,-23.1000,40
Stuttgart,2025-09-05,3.6500,38
Berlin,2025-09-06,-86.8750,39
Bremen,2025-09-06,159.1000,35
Cologne,2025-09-06,-114.2250,36
Dortmund,2025-09-06,-0.1000,33
Dusseldorf,2025-09-06,80.4250,36
Essen,2025-09-06,141.9750,34
Frankfurt,2025-09-06,254.6250,37
Hamburg,2025-09-06,8.2250,35
Hannover,2025-09-06,51.9000,36
Leipzig,2025-09-06,130.1000,37
Munich,2025-09-06,-9.3000,35
Stuttgart,2025-09-06,-29.1000,38
Berlin,2025-09-07,-116.0250,34
Bremen,2025-09-07,-47.8000,33
Cologne,2025-09-07,-104.9250,36
Dortmund,2025-09-07,-54.3250,35
Dusseldorf,2025-09-07,54.2250,37
Essen,2025-09-07,114.4750,37
Frankfurt,2025-09-07,-136.0500,37
Hamburg,2025-09-07,212.0000,36
Hannover,2025-09-07,42.5000,39
Leipzig,2025-09-07,-119.8500,37
Munich,2025-09-07,92.2750,33
Stuttgart,2025-09-07,95.3250,38
Berlin,2025-09-08,10.1500,38
Bremen,2025-09-08,-186.0500,34
Cologne,2025-09-08,-115.5000,33
Dortmund,2025-09-08,95.4000,39
Dusseldorf,2025-09-08,188.7000,39
Essen,2025-09-08,101.0750,35
Frankfurt,2025-09-08,108.1500,33
Hamburg,2025-09-08,-52.0000,33
Hannover,2025-09-08,49.0750,36
Leipzig,2025-09-08,64.4750,36
Munich,2025-09-08,84.0250,39
Stuttgart,2025-09-08,182.7500,38
Berlin,2025-09-09,-121.8250,36
Bremen,2025-09-09,9.5000,37
Cologne,2025-09-09,214.8250,36
Dortmund,2025-09-09,10.1000,35
Dusseldorf,2025-09-09,6.2000,38
Essen,2025-09-09,4.7250,36
Frankfurt,2025-09-09,98.0250,37
Hamburg,2025-09-09,-38.8000,36
Hannover,2025-09-09,60.5000,37
Leipzig,2025-09-09,102.6750,39
Munich,2025-09-09,97.8500,37
Stuttgart,2025-09-09,132.0000,38
Berlin,2025-09-10,-22.3750,36
Bremen,2025-09-10,-7.4250,37
Cologne,2025-09-10,74.2500,36
Dortmund,2025-09-10,57.2750,39
Dusseldorf,2025-09-10,249.0000,35
Essen,2025-09-10,17.9250,37
Frankfurt,2025-09-10,35.9750,34
Hamburg,2025-09-10,176.4000,35
Hannover,2025-09-10,-0.2000,35
Leipzig,2025-09-10,64.4750,36
Munich,2025-09-10,17.1500,37
Stuttgart,2025-09-10,104.6250,36
Berlin,2025-09-11,-60.1250,35
Bremen,2025-09-11,64.5500,34
Cologne,2025-09-11,48.4250,33
Dortmund,2025-09-11,-132.0000,38
Dusseldorf,2025-09-11,-72.3250,37
Essen,2025-09-11,116.9250,36
Frankfurt,2025-09-11,-63.9500,36
Hamburg,2025-09-11,134.3000,36
Hannover,2025-09-11,-72.2500,34
Leipzig,2025-09-11,254.6750,35
Munich,2025-09-11,4.5250,35
Stuttgart,2025-09-11,60.6500,39
Berlin,2025-09-12,194.2500,34
Bremen,2025-09-12,89.3000,36
Cologne,2025-09-12,11.8000,36
Dortmund,2025-09-12,30.7000,37
Dusseldorf,2025-09-12,109.1250,37
Essen,2025-09-12,22.3500,36
Frankfurt,2025-09-12,110.8500,36
Hamburg,2025-09-12,134.5000,37
Hannover,2025-09-12,121.7000,36
Leipzig,2025-09-12,-79.8500,37
Munich,2025-09-12,-10.8500,36
Stuttgart,2025-09-12,-35.2500,36
Berlin,2025-09-13,14.9000,36
Bremen,2025-09-13,-2.1750,34
Cologne,2025-09-13,36.2250,34
Dortmund,2025-09-13,-41.4750,35
Dusseldorf,2025-09-13,-43.1500,38
Essen,2025-09-13,-8.9000,37
Frankfurt,2025-09-13,-8.4750,37
Hamburg,2025-09-13,202.7250,36
Hannover,2025-09-13,76.1500,37
Leipzig,2025-09-13,-56.7750,36
Munich,2025-09-13,22.3750,37
Stuttgart,2025-09-13,-38.5250,34
Berlin,2025-09-14,125.4500,34
Bremen,2025-09-14,73.1250,35
Cologne,2025-09-14,71.0000,36
Dortmund,2025-09-14,-54.2250,38
Dusseldorf,2025-09-14,100.4500,34
Essen,2025-09-14,-43.1000,37
Frankfurt,2025-09-14,116.7250,37
Hamburg,2025-09-14,-81.2000,37
Hannover,2025-09-14,142.8500,38
Leipzig,2025-09-14,82.9500,38
Munich,2025-09-14,75.0250,37
Stuttgart,2025-09-14,72.7250,37
Berlin,2025-09-15,114.1750,36
Bremen,2025-09-15,175.8250,35
Cologne,2025-09-15,17.3500,36
Dortmund,2025-09-15,-4.4000,38
Dusseldorf,2025-09-15,-60.6250,38
Essen,2025-09-15,53.7250,37
Frankfurt,2025-09-15,107.8000,36
Hamburg,2025-09-15,47.0500,39
Hannover,2025-09-15,-75.6750,35
Leipzig,2025-09-15,-16.4750,35
Munich,2025-09-15,86.6250,38
Stuttgart,2025-09-15,63.3500,38
Berlin,2025-09-16,176.9750,37
Bremen,2025-09-16,132.6500,35
Cologne,2025-09-16,-40.4250,37
Dortmund,2025-09-16,52.0750,36
Dusseldorf,2025-09-16,96.4250,35
Essen,2025-09-16,64.4500,37
Frankfurt,2025-09-16,7.9000,38
Hamburg,2025-09-16,18.9750,35
Hannover,2025-09-16,85.5500,39
Leipzig,2025-09-16,-80.7500,37
Munich,2025-09-16,20.0250,39
Stuttgart,2025-09-16,193.1250,36
Berlin,2025-09-17,140.5250,36
Bremen,2025-09-17,83.9000,34
Cologne,2025-09-17,134.1250,33
Dortmund,2025-09-17,0.2750,37
Dusseldorf,2025-09-17,208.1000,36
Essen,2025-09-17,40.5000,37
Frankfurt,2025-09-17,107.0250,36
Hamburg,2025-09-17,195.8750,37
Hannover,2025-09-17,-91.0000,36
Leipzig,2025-09-17,-4.3250,35
Munich,2025-09-17,-3.9750,37
Stuttgart,2025-09-17,58.9500,38
Berlin,2025-09-18,149.8250,38
Bremen,2025-09-18,-60.9250,36
Cologne,2025-09-18,-70.2750,39
Dortmund,2025-09-18,23.7250,37
Dusseldorf,2025-09-18,80.8000,37
Essen,2025-09-18,121.3750,36
Frankfurt,2025-09-18,-20.5250,37
Hamburg,2025-09-18,-8.2750,40
Hannover,2025-09-18,44.5250,37
Leipzig,2025-09-18,-141.5750,36
Munich,2025-09-18,-47.6000,38
Stuttgart,2025-09-18,34.2750,34
Berlin,2025-09-19,-26.2750,38
Bremen,2025-09-19,101.7250,37
Cologne,2025-09-19,46.0000,36
Dortmund,2025-09-19,9.4500,38
Dusseldorf,2025-09-19,142.7250,38
Essen,2025-09-19,114.1250,35
Frankfurt,2025-09-19,51.4000,36
Hamburg,2025-09-19,-53.5000,36
Hannover,2025-09-19,-33.9000,37
Leipzig,2025-09-19,-77.7250,31
Munich,2025-09-19,74.5500,35
Stuttgart,2025-09-19,158.3000,34
Berlin,2025-09-20,-33.4000,39
Bremen,2025-09-20,112.6750,35
Cologne,2025-09-20,150.3250,37
Dortmund,2025-09-20,-2.4500,38
Dusseldorf,2025-09-20,-114.6000,36
Essen,2025-09-20,144.6750,37
Frankfurt,2025-09-20,-70.1750,39
Hamburg,2025-09-20,16.4500,34
Hannover,2025-09-20,-88.8500,35
Leipzig,2025-09-20,115.5500,36
Munich,2025-09-20,39.0250,35
Stuttgart,2025-09-20,271.3250,36
Berlin,2025-09-21,-25.8750,38
Bremen,2025-09-21,-72.9000,38
Cologne,2025-09-21,-29.0250,37
Dortmund,2025-09-21,0.9250,36
Dusseldorf,2025-09-21,135.6000,36
Essen,2025-09-21,-55.4250,36
Frankfurt,2025-09-21,62.6000,36
Hamburg,2025-09-21,56.4250,35
Hannover,2025-09-21,-12.7500,35
Leipzig,2025-09-21,55.7750,35
Munich,2025-09-21,4.1000,39
Stuttgart,2025-09-21,135.9000,33
Berlin,2025-09-22,159.0000,37
Bremen,2025-09-22,193.7250,38
Cologne,2025-09-22,-108.4500,38
Dortmund,2025-09-22,29.3250,35
Dusseldorf,2025-09-22,-8.7750,35
Essen,2025-09-22,94.1500,35
Frankfurt,2025-09-22,33.0500,36
Hamburg,2025-09-22,-82.6000,37
Hannover,2025-09-22,142.3750,37
Leipzig,2025-09-22,20.4750,37
Munich,2025-09-22,-3.1750,36
Stuttgart,2025-09-22,107.5000,36
Berlin,2025-09-23,-129.6750,37
Bremen,2025-09-23,162.5750,38
Cologne,2025-09-23,94.3250,38
Dortmund,2025-09-23,-21.6250,39
Dusseldorf,2025-09-23,72.1000,37
Essen,2025-09-23,12.2500,37
Frankfurt,2025-09-23,-73.2750,37
Hamburg,2025-09-23,17.7750,36
Hannover,2025-09-23,-100.8750,40
Leipzig,2025-09-23,90.2250,37
Munich,2025-09-23,105.4000,38
Stuttgart,2025-09-23,32.4750,36
Berlin,2025-09-24,-32.5250,38
Bremen,2025-09-24,-110.4250,34
Cologne,2025-09-24,-29.5000,38
Dortmund,2025-09-24,36.0000,36
Dusseldorf,2025-09-24,122.9500,36
Essen,2025-09-24,-32.7500,38
Frankfurt,2025-09-24,123.5750,33
Hamburg,2025-09-24,11.2500,36
Hannover,2025-09-24,23.3000,34
Leipzig,2025-09-24,152.8000,36
Munich,2025-09-24,86.3000,39
Stuttgart,2025-09-24,-48.9500,37
Berlin,2025-09-25,-17.5000,39
Bremen,2025-09-25,-0.7250,38
Cologne,2025-09-25,-273.5750,34
Dortmund,2025-09-25,57.4750,37
Dusseldorf,2025-09-25,-5.3500,37
Essen,2025-09-25,163.2250,36
Frankfurt,2025-09-25,-29.8500,38
Hamburg,2025-09-25,7.9250,38
Hannover,2025-09-25,119.6500,38
Leipzig,2025-09-25,69.7250,38
Munich,2025-09-25,77.7000,39
Stuttgart,2025-09-25,126.1000,35
Berlin,2025-09-26,-184.5250,34
Bremen,2025-09-26,119.1500,36
Cologne,2025-09-26,66.1000,35
Dortmund,2025-09-26,98.4000,34
Dusseldorf,2025-09-26,16.7000,35
Essen,2025-09-26,78.5750,36
Frankfurt,2025-09-26,134.8500,37
Hamburg,2025-09-26,229.7500,34
Hannover,2025-09-26,151.8500,39
Leipzig,2025-09-26,50.2000,33
Munich,2025-09-26,14.0250,34
Stuttgart,2025-09-26,51.8000,38
Berlin,2025-09-27,62.0500,36
Bremen,2025-09-27,16.9000,36
Cologne,2025-09-27,-60.5000,35
Dortmund,2025-09-27,95.7750,34
Dusseldorf,2025-09-27,106.3750,38
Essen,2025-09-27,0.2250,37
Frankfurt,2025-09-27,-10.8000,35
Hamburg,2025-09-27,49.3000,33
Hannover,2025-09-27,22.6000,37
Leipzig,2025-09-27,-47.2500,37
Munich,2025-09-27,18.5000,38
Stuttgart,2025-09-27,47.4000,36
Berlin,2025-09-28,-32.8250,35
Bremen,2025-09-28,171.6250,39
Cologne,2025-09-28,93.2500,37
Dortmund,2025-09-28,71.7500,37
Dusseldorf,2025-09-28,-2.4750,38
Essen,2025-09-28,68.0750,38
Frankfurt,2025-09-28,93.9750,35
Hamburg,2025-09-28,-14.5250,38
Hannover,2025-09-28,-59.1500,35
Leipzig,2025-09-28,49.7750,36
Munich,2025-09-28,42.2750,36
Stuttgart,2025-09-28,133.4500,35
Berlin,2025-09-29,108.5500,37
Bremen,2025-09-29,-143.1250,33
Cologne,2025-09-29,241.5000,40
Dortmund,2025-09-29,75.3500,35
Dusseldorf,2025-09-29,101.6750,35
Essen,2025-09-29,-52.4000,38
Frankfurt,2025-09-29,202.3000,38
Hamburg,2025-09-29,-47.0000,35
Hannover,2025-09-29,0.1000,35
Leipzig,2025-09-29,44.9250,37
Munich,2025-09-29,-19.1500,38
Stuttgart,2025-09-29,-156.4750,35
Berlin,2025-09-30,90.6750,37
Bremen,2025-09-30,68.1250,36
Cologne,2025-09-30,55.1750,38
Dortmund,2025-09-30,48.5750,36
Dusseldorf,2025-09-30,153.5000,36
Essen,2025-09-30,222.5250,36
Frankfurt,2025-09-30,-17.7250,36
Hamburg,2025-09-30,-74.5500,37
Hannover,2025-09-30,-41.6750,36
Leipzig,2025-09-30,101.9500,35
Munich,2025-09-30,179.6750,34
Stuttgart,2025-09-30,6.9500,37
Berlin,2025-10-01,-2.9000,35
Bremen,2025-10-01,47.7000,37
Cologne,2025-10-01,16.1000,37
Dortmund,2025-10-01,13.7750,39
Dusseldorf,2025-10-01,-158.6000,39
Essen,2025-10-01,-4.1250,35
Frankfurt,2025-10-01,35.9500,34
Hamburg,2025-10-01,43.0500,38
Hannover,2025-10-01,-54.8000,35
Leipzig,2025-10-01,21.0500,36
Munich,2025-10-01,67.0750,36
Stuttgart,2025-10-01,208.6000,36
Berlin,2025-10-02,40.1500,35
Bremen,2025-10-02,-86.9500,35
Cologne,2025-10-02,-28.8500,37
Dortmund,2025-10-02,-75.6500,38
Dusseldorf,2025-10-02,24.0000,39
Essen,2025-10-02,265.5500,34
Frankfurt,2025-10-02,206.3500,39
Hamburg,2025-10-02,-57.5750,35
Hannover,2025-10-02,29.4500,36
Leipzig,2025-10-02,-13.8000,37
Munich,2025-10-02,108.9000,35
Stuttgart,2025-10-02,51.2250,36
Berlin,2025-10-03,87.2500,35
Bremen,2025-10-03,56.1500,37
Cologne,2025-10-03,37.6500,36
Dortmund,2025-10-03,-42.8750,36
Dusseldorf,2025-10-03,-19.1000,39
Essen,2025-10-03,-24.4250,37
Frankfurt,2025-10-03,25.2750,36
Hamburg,2025-10-03,149.2750,36
Hannover,2025-10-03,4.7750,38
Leipzig,2025-10-03,173.9750,37
Munich,2025-10-03,-5.1250,36
Stuttgart,2025-10-03,112.2250,40
Berlin,2025-10-04,15.4000,36
Bremen,2025-10-04,174.8250,38
Cologne,2025-10-04,6.1750,34
Dortmund,2025-10-04,18.9750,40
Dusseldorf,2025-10-04,-54.9000,38
Essen,2025-10-04,20.1750,36
Frankfurt,2025-10-04,79.5500,35
Hamburg,2025-10-04,-28.0750,37
Hannover,2025-10-04,46.2000,37
Leipzig,2025-10-04,34.5500,38
Munich,2025-10-04,76.5000,35
Stuttgart,2025-10-04,215.0250,34
Berlin,2025-10-05,-40.1250,39
Bremen,2025-10-05,-27.8500,35
Cologne,2025-10-05,76.3250,35
Dortmund,2025-10-05,147.2250,36
Dusseldorf,2025-10-05,-46.0000,38
Essen,2025-10-05,45.8250,38
Frankfurt,2025-10-05,-115.1000,36
Hamburg,2025-10-05,17.1000,36
Hannover,2025-10-05,36.7000,34
Leipzig,2025-10-05,63.0000,36
Munich,2025-10-05,123.1000,38
Stuttgart,2025-10-05,-21.6000,36
Berlin,2025-10-06,32.9250,38
Bremen,2025-10-06,7.8750,37
Cologne,2025-10-06,189.2500,36
Dortmund,2025-10-06,39.8750,36
Dusseldorf,2025-10-06,-39.1000,37
Essen,2025-10-06,-7.7750,32
Frankfurt,2025-10-06,77.8000,38
Hamburg,2025-10-06,-9.0750,37
Hannover,2025-10-06,258.5000,35
Leipzig,2025-10-06,85.2500,33
Munich,2025-10-06,83.3500,37
Stuttgart,2025-10-06,159.7500,37
Berlin,2025-10-07,-86.4750,37
Bremen,2025-10-07,102.8000,34
Cologne,2025-10-07,141.1000,36
Dortmund,2025-10-07,68.3250,37
Dusseldorf,2025-10-07,235.3500,37
Essen,2025-10-07,240.0750,37
Frankfurt,2025-10-07,8.3250,37
Hamburg,2025-10-07,-146.3500,38
Hannover,2025-10-07,-16.5000,38
Leipzig,2025-10-07,39.8250,37
Munich,2025-10-07,122.2500,33
Stuttgart,2025-10-07,-23.0000,36
Berlin,2025-10-08,-23.0500,37
Bremen,2025-10-08,108.7750,34
Cologne,2025-10-08,-41.3500,39
Dortmund,2025-10-08,-10.6750,36
Dusseldorf,2025-10-08,19.2000,39
Essen,2025-10-08,-29.5500,36
Frankfurt,2025-10-08,6.1750,37
Hamburg,2025-10-08,-65.0000,34
Hannover,2025-10-08,14.2500,38
Leipzig,2025-10-08,18.4750,37
Munich,2025-10-08,-70.3750,38
Stuttgart,2025-10-08,144.9750,35
Berlin,2025-10-09,111.4250,37
Bremen,2025-10-09,5.2500,40
Cologne,2025-10-09,129.2750,39
Dortmund,2025-10-09,151.4250,38
Dusseldorf,2025-10-09,136.5250,36
Essen,2025-10-09,5.2750,34
Frankfurt,2025-10-09,24.5500,36
Hamburg,2025-10-09,79.5500,33
Hannover,2025-10-09,42.2750,37
Leipzig,2025-10-09,118.8500,35
Munich,2025-10-09,167.6750,35
Stuttgart,2025-10-09,34.6500,38
Berlin,2025-10-10,33.3250,33
Bremen,2025-10-10,58.1500,37
Cologne,2025-10-10,111.4500,38
Dortmund,2025-10-10,6.1750,35
Dusseldorf,2025-10-10,21.9000,37
Essen,2025-10-10,132.2000,35
Frankfurt,2025-10-10,149.6500,33
Hamburg,2025-10-10,121.2000,35
Hannover,2025-10-10,-106.8750,39
Leipzig,2025-10-10,-185.2250,40
Munich,2025-10-10,6.4500,36
Stuttgart,2025-10-10,34.3750,34
Berlin,2025-10-11,56.8000,37
Bremen,2025-10-11,6.9000,38
Cologne,2025-10-11,-112.9000,39
Dortmund,2025-10-11,-23.8250,39
Dusseldorf,2025-10-11,39.7000,38
Essen,2025-10-11,-29.5000,36
Frankfurt,2025-10-11,25.3750,37
Hamburg,2025-10-11,16.8750,39
Hannover,2025-10-11,112.8000,32
Leipzig,2025-10-11,120.5250,36
Munich,2025-10-11,20.2000,39
Stuttgart,2025-10-11,15.1500,33
Berlin,2025-10-12,61.5750,38
Bremen,2025-10-12,78.4750,36
Cologne,2025-10-12,-33.0250,33
Dortmund,2025-10-12,120.1000,38
Dusseldorf,2025-10-12,227.3500,35
Essen,2025-10-12,44.5500,36
Frankfurt,2025-10-12,18.3500,34
Hamburg,2025-10-12,76.7250,35
Hannover,2025-10-12,43.3250,35
Leipzig,2025-10-12,59.0750,36
Munich,2025-10-12,-75.5750,37
Stuttgart,2025-10-12,153.1750,34
Berlin,2025-10-13,52.8250,37
Bremen,2025-10-13,126.2750,34
Cologne,2025-10-13,72.4000,33
Dortmund,2025-10-13,175.7000,36
Dusseldorf,2025-10-13,-131.7250,37
Essen,2025-10-13,41.2250,37
Frankfurt,2025-10-13,56.6250,37
Hamburg,2025-10-13,24.1000,37
Hannover,2025-10-13,-57.7500,37
Leipzig,2025-10-13,119.8750,35
Munich,2025-10-13,65.7000,37
Stuttgart,2025-10-13,168.2000,37
Berlin,2025-10-14,124.7500,35
Bremen,2025-10-14,-9.1250,36
Cologne,2025-10-14,10.2250,39
Dortmund,2025-10-14,80.4250,34
Dusseldorf,2025-10-14,2.1750,38
Essen,2025-10-14,-11.4500,35
Frankfurt,2025-10-14,30.2250,39
Hamburg,2025-10-14,-113.2000,38
Hannover,2025-10-14,26.2750,38
Leipzig,2025-10-14,120.7000,39
Munich,2025-10-14,115.7250,34
Stuttgart,2025-10-14,31.8750,36
Berlin,2025-10-15,-101.3750,37
Bremen,2025-10-15,133.0000,35
Cologne,2025-10-15,-9.3250,36
Dortmund,2025-10-15,34.0750,38
Dusseldorf,2025-10-15,149.0250,40
Essen,2025-10-15,93.7250,38
Frankfurt,2025-10-15,55.5250,34
Hamburg,2025-10-15,201.3750,38
Hannover,2025-10-15,-30.3000,40
Leipzig,2025-10-15,-32.6750,35
Munich,2025-10-15,3.1250,36
Stuttgart,2025-10-15,64.7500,36
Berlin,2025-10-16,-126.3000,34
Bremen,2025-10-16,207.9750,36
Cologne,2025-10-16,58.0000,34
Dortmund,2025-10-16,165.7750,38
Dusseldorf,2025-10-16,-5.2500,34
Essen,2025-10-16,20.5500,34
Frankfurt,2025-10-16,-6.8000,37
Hamburg,2025-10-16,117.0750,36
Hannover,2025-10-16,142.0250,36
Leipzig,2025-10-16,67.6750,39
Munich,2025-10-16,6.7000,35
Stuttgart,2025-10-16,-59.1250,36
Berlin,2025-10-17,-18.1250,34
Bremen,2025-10-17,185.5250,38
Cologne,2025-10-17,134.1750,37
Dortmund,2025-10-17,-54.9250,36
Dusseldorf,2025-10-17,-22.0750,34
Essen,2025-10-17,187.7250,38
Frankfurt,2025-10-17,55.5000,35
Hamburg,2025-10-17,-14.6500,39
Hannover,2025-10-17,153.0500,38
Leipzig,2025-10-17,205.6000,38
Munich,2025-10-17,200.5000,36
Stuttgart,2025-10-17,147.3250,35
Berlin,2025-10-18,65.7000,39
Bremen,2025-10-18,-4.2250,38
Cologne,2025-10-18,-52.1250,36
Dortmund,2025-10-18,295.5750,36
Dusseldorf,2025-10-18,-33.6000,36
Essen,2025-10-18,22.7750,36
Frankfurt,2025-10-18,212.9250,35
Hamburg,2025-10-18,51.7250,38
Hannover,2025-10-18,-48.5500,35
Leipzig,2025-10-18,65.4000,35
Munich,2025-10-18,189.5750,38
Stuttgart,2025-10-18,-43.5250,37
Berlin,2025-10-19,-25.0750,37
Bremen,2025-10-19,87.5500,35
Cologne,2025-10-19,98.2750,38
Dortmund,2025-10-19,48.7000,38
Dusseldorf,2025-10-19,78.0250,38
Essen,2025-10-19,-32.5250,40
Frankfurt,2025-10-19,174.4500,38
Hamburg,2025-10-19,51.5000,38
Hannover,2025-10-19,103.0000,34
Leipzig,2025-10-19,24.7250,37
Munich,2025-10-19,92.2500,38
Stuttgart,2025-10-19,270.7250,35
Berlin,2025-10-20,170.7750,37
Bremen,2025-10-20,-15.2250,38
Cologne,2025-10-20,101.5500,37
Dortmund,2025-10-20,287.7750,38
Dusseldorf,2025-10-20,2.7000,34
Essen,2025-10-20,-176.3500,36
Frankfurt,2025-10-20,-29.6750,35
Hamburg,2025-10-20,-7.0000,34
Hannover,2025-10-20,254.0750,36
Leipzig,2025-10-20,57.0750,36
Munich,2025-10-20,-86.8250,35
Stuttgart,2025-10-20,-22.5000,33
Berlin,2025-10-21,-50.4500,38
Bremen,2025-10-21,19.0500,37
Cologne,2025-10-21,-91.7750,35
Dortmund,2025-10-21,147.8000,38
Dusseldorf,2025-10-21,43.2750,37
Essen,2025-10-21,98.7000,38
Frankfurt,2025-10-21,39.4250,37
Hamburg,2025-10-21,-51.4000,35
Hannover,2025-10-21,-76.6250,35
Leipzig,2025-10-21,285.8000,36
Munich,2025-10-21,-57.7000,38
Stuttgart,2025-10-21,-64.0000,37
Berlin,2025-10-22,209.1250,38
Bremen,2025-10-22,88.9000,37
Cologne,2025-10-22,64.5000,36
Dortmund,2025-10-22,-13.0500,37
Dusseldorf,2025-10-22,35.9250,36
Essen,2025-10-22,-171.6750,37
Frankfurt,2025-10-22,176.7500,37
Hamburg,2025-10-22,-23.7000,37
Hannover,2025-10-22,-119.9500,37
Leipzig,2025-10-22,116.6500,37
Munich,2025-10-22,32.1000,37
Stuttgart,2025-10-22,6.7500,36
Berlin,2025-10-23,108.9500,40
Bremen,2025-10-23,154.7750,33
Cologne,2025-10-23,20.0000,37
Dortmund,2025-10-23,64.6500,32
Dusseldorf,2025-10-23,2.7000,38
Essen,2025-10-23,162.0500,38
Frankfurt,2025-10-23,46.1500,39
Hamburg,2025-10-23,18.1500,38
Hannover,2025-10-23,31.8750,35
Leipzig,2025-10-23,133.1750,37
Munich,2025-10-23,139.9500,36
Stuttgart,2025-10-23,-50.9500,36
Berlin,2025-10-24,-201.2250,35
Bremen,2025-10-24,42.0750,36
Cologne,2025-10-24,44.5750,37
Dortmund,2025-10-24,190.6500,37
Dusseldorf,2025-10-24,280.4000,39
Essen,2025-10-24,96.6750,37
Frankfurt,2025-10-24,198.3250,39
Hamburg,2025-10-24,28.7000,38
Hannover,2025-10-24,62.7250,36
Leipzig,2025-10-24,24.5250,37
Munich,2025-10-24,60.4500,37
Stuttgart,2025-10-24,28.6500,38
Berlin,2025-10-25,5.1250,35
Bremen,2025-10-25,-59.4250,34
Cologne,2025-10-25,-21.0000,37
Dortmund,2025-10-25,107.2250,34
Dusseldorf,2025-10-25,-122.6500,35
Essen,2025-10-25,69.1500,39
Frankfurt,2025-10-25,41.4000,35
Hamburg,2025-10-25,6.1750,38
Hannover,2025-10-25,170.2500,39
Leipzig,2025-10-25,17.7000,37
Munich,2025-10-25,-51.2750,39
Stuttgart,2025-10-25,80.7500,39
Berlin,2025-10-26,129.6000,38
Bremen,2025-10-26,-78.6750,35
Cologne,2025-10-26,-181.8000,37
Dortmund,2025-10-26,78.4500,37
Dusseldorf,2025-10-26,22.3000,36
Essen,2025-10-26,99.2750,33
Frankfurt,2025-10-26,112.5250,36
Hamburg,2025-10-26,112.7250,36
Hannover,2025-10-26,101.4250,35
Leipzig,2025-10-26,-50.6750,36
Munich,2025-10-26,-33.3250,35
Stuttgart,2025-10-26,88.3500,38
Berlin,2025-10-27,-31.8250,34
Bremen,2025-10-27,89.5750,37
Cologne,2025-10-27,65.4750,34
Dortmund,2025-10-27,-10.3250,37
Dusseldorf,2025-10-27,44.6250,36
Essen,2025-10-27,90.7750,36
Frankfurt,2025-10-27,141.9000,36
Hamburg,2025-10-27,38.7000,37
Hannover,2025-10-27,61.7500,36
Leipzig,2025-10-27,53.2500,38
Munich,2025-10-27,54.4500,38
Stuttgart,2025-10-27,5.9000,36
Berlin,2025-10-28,130.7250,36
Bremen,2025-10-28,108.6250,37
Cologne,2025-10-28,-79.5750,36
Dortmund,2025-10-28,130.7750,38
Dusseldorf,2025-10-28,-19.2750,34
Essen,2025-10-28,90.5750,36
Frankfurt,2025-10-28,257.2750,38
Hamburg,2025-10-28,-12.2000,37
Hannover,2025-10-28,-1.1750,36
Leipzig,2025-10-28,-165.9750,34
Munich,2025-10-28,40.9000,35
Stuttgart,2025-10-28,87.8250,38
Berlin,2025-10-29,44.5750,33
Bremen,2025-10-29,7.8500,38
Cologne,2025-10-29,63.7250,34
Dortmund,2025-10-29,-8.7000,36
Dusseldorf,2025-10-29,170.4250,36
Essen,2025-10-29,-182.4500,40
Frankfurt,2025-10-29,36.3000,37
Hamburg,2025-10-29,54.4750,36
Hannover,2025-10-29,-109.5000,35
Leipzig,2025-10-29,-19.4250,36
Munich,2025-10-29,72.4250,38
Stuttgart,2025-10-29,41.8000,39
Berlin,2025-10-30,56.5750,36
Bremen,2025-10-30,64.3000,34
Cologne,2025-10-30,-69.5000,38
Dortmund,2025-10-30,-21.1750,36
Dusseldorf,2025-10-30,150.4250,39
Essen,2025-10-30,-90.2000,37
Frankfurt,2025-10-30,135.5000,36
Hamburg,2025-10-30,-46.7000,38
Hannover,2025-10-30,-9.2000,35
Leipzig,2025-10-30,-8.1000,38
Munich,2025-10-30,-73.7250,36
Stuttgart,2025-10-30,136.7500,36
Berlin,2025-10-31,-49.8750,35
Bremen,2025-10-31,272.4750,35
Cologne,2025-10-31,168.4750,37
Dortmund,2025-10-31,24.0250,38
Dusseldorf,2025-10-31,-43.5500,37
Essen,2025-10-31,217.9750,34
Frankfurt,2025-10-31,201.7500,37
Hamburg,2025-10-31,-0.8250,37
Hannover,2025-10-31,-20.7250,39
Leipzig,2025-10-31,53.5250,36
Munich,2025-10-31,-66.4750,39
Stuttgart,2025-10-31,-82.4500,34
Berlin,2025-11-01,59.6750,38
Bremen,2025-11-01,26.2750,38
Cologne,2025-11-01,-55.7500,38
Dortmund,2025-11-01,80.5250,38
Dusseldorf,2025-11-01,13.5750,35
Essen,2025-11-01,64.6750,36
Frankfurt,2025-11-01,7.7250,34
Hamburg,2025-11-01,-33.9250,36
Hannover,2025-11-01,44.7250,37
Leipzig,2025-11-01,19.6250,35
Munich,2025-11-01,-2.4000,34
Stuttgart,2025-11-01,94.8750,35
Berlin,2025-11-02,9.1000,35
Bremen,2025-11-02,34.5750,37
Cologne,2025-11-02,-51.7750,34
Dortmund,2025-11-02,9.3000,34
Dusseldorf,2025-11-02,153.2000,34
Essen,2025-11-02,-97.1500,36
Frankfurt,2025-11-02,48.3750,38
Hamburg,2025-11-02,125.2500,34
Hannover,2025-11-02,136.5250,36
Leipzig,2025-11-02,16.0000,36
Munich,2025-11-02,-20.2250,36
Stuttgart,2025-11-02,82.0000,38
Berlin,2025-11-03,-11.0750,37
Bremen,2025-11-03,-76.5500,34
Cologne,2025-11-03,-144.1500,34
Dortmund,2025-11-03,44.0750,35
Dusseldorf,2025-11-03,-13.2000,36
Essen,2025-11-03,230.0500,35
Frankfurt,2025-11-03,-65.6000,38
Hamburg,2025-11-03,163.5000,38
Hannover,2025-11-03,-79.0000,36
Leipzig,2025-11-03,149.3000,37
Munich,2025-11-03,168.8250,36
Stuttgart,2025-11-03,64.7250,36
Berlin,2025-11-04,-167.3250,39
Bremen,2025-11-04,70.1000,39
Cologne,2025-11-04,10.9750,37
Dortmund,2025-11-04,28.1750,38
Dusseldorf,2025-11-04,27.4500,39
Essen,2025-11-04,3.9250,36
Frankfurt,2025-11-04,4.6750,35
Hamburg,2025-11-04,46.3250,35
Hannover,2025-11-04,-44.2000,35
Leipzig,2025-11-04,-217.3750,37
Munich,2025-11-04,-152.4250,39
Stuttgart,2025-11-04,78.8250,33
Berlin,2025-11-05,40.6000,37
Bremen,2025-11-05,-57.9000,37
Cologne,2025-11-05,36.9250,36
Dortmund,2025-11-05,23.1250,38
Dusseldorf,2025-11-05,47.3000,38
Essen,2025-11-05,73.5750,36
Frankfurt,2025-11-05,188.6750,37
Hamburg,2025-11-05,-48.6250,35
Hannover,2025-11-05,54.5750,37
Leipzig,2025-11-05,-71.2500,34
Munich,2025-11-05,176.5250,37
Stuttgart,2025-11-05,153.2250,35
Berlin,2025-11-06,104.7000,36
Bremen,2025-11-06,-73.6250,33
Cologne,2025-11-06,-58.0250,34
Dortmund,2025-11-06,23.8500,38
Dusseldorf,2025-11-06,123.6250,35
Essen,2025-11-06,23.7000,35
Frankfurt,2025-11-06,135.0250,38
Hamburg,2025-11-06,160.0250,36
Hannover,2025-11-06,20.0250,37
Leipzig,2025-11-06,59.1500,34
Munich,2025-11-06,141.9250,35
Stuttgart,2025-11-06,61.9250,34
Berlin,2025-11-07,147.6500,34
Bremen,2025-11-07,-184.4500,34
Cologne,2025-11-07,159.0500,38
Dortmund,2025-11-07,-27.2500,37
Dusseldorf,2025-11-07,-17.9500,37
Essen,2025-11-07,15.1750,35
Frankfurt,2025-11-07,46.8500,36
Hamburg,2025-11-07,60.5750,34
Hannover,2025-11-07,-193.0250,38
Leipzig,2025-11-07,6.6500,33
Munich,2025-11-07,47.2750,39
Stuttgart,2025-11-07,30.2000,39
Berlin,2025-11-08,27.8750,36
Bremen,2025-11-08,-4.6000,36
Cologne,2025-11-08,75.2250,37
Dortmund,2025-11-08,-10.7500,36
